,title,link,view,upload_date
0,230812 Playing with Fire (in the rain!) Blackpink Born Pink Encore Metlife Stadium Day 2 Fancam,https://youtube.com/watch?v=l4SDonLSPAQ&pp=ygUv67iU656Z7ZWR7YGsIGFmdGVyOjIwMjMtMDYtMTQgYmVmb3JlOjIwMjMtMDgtMTQ%3D,10만회,1일 전
1,BLACKPINK - ‘Pretty Savage’ Live at Coachella 2023,https://youtube.com/watch?v=VLpUsmBafMQ&pp=ygUv67iU656Z7ZWR7YGsIGFmdGVyOjIwMjMtMDYtMTQgYmVmb3JlOjIwMjMtMDgtMTQ%3D,2320만회,1개월 전
2,"[속보] 블랙핑크 미국 뉴저지 앙코르 콘서트 10만명 울부짖자 벌어진 3가지 사건, ""와 이젠 중년 남성들까지...""",https://youtube.com/watch?v=blKxIywBQNo&pp=ygUv67iU656Z7ZWR7YGsIGFmdGVyOjIwMjMtMDYtMTQgYmVmb3JlOjIwMjMtMDgtMTQ%3D,4.5만회,1일 전
3,"블랙핑크, 등장만으로 8만 프랑스 관객들을 격랑속으로 빠뜨려 버리는 클라스 [BLACKPINK PARIS ENCORE] Pink Venom",https://youtube.com/watch?v=Jkl8jQGCkq4&pp=ygUv67iU656Z7ZWR7YGsIGFmdGVyOjIwMjMtMDYtMTQgYmVmb3JlOjIwMjMtMDgtMTQ%3D,13만회,4주 전
4,❤️‍🔥인간관계에 위로가 될 노래 : 블랙핑크(blackpink) - STAY [가사해석/번역/자막],https://youtube.com/watch?v=S5hVVTG_DjY&pp=ygUv67iU656Z7ZWR7YGsIGFmdGVyOjIwMjMtMDYtMTQgYmVmb3JlOjIwMjMtMDgtMTQ%3D,20만회,2주 전
5,230812 Pink Venom Blackpink Born Pink Encore Metlife Stadium Day 2 Fancam Performance Live Concert,https://youtube.com/watch?v=pa8FQnZZODc&pp=ygUv67iU656Z7ZWR7YGsIGFmdGVyOjIwMjMtMDYtMTQgYmVmb3JlOjIwMjMtMDgtMTQ%3D,4.2만회,1일 전
6,"블랙핑크 '지수', 미소 천사 '인형 미모' (출국)✈️BLACKPINK 'JISOO' Airport Departure 23.8.10 #Newsen",https://youtube.com/watch?v=ZDDuyQ1ye7M&pp=ygUv67iU656Z7ZWR7YGsIGFmdGVyOjIwMjMtMDYtMTQgYmVmb3JlOjIwMjMtMDgtMTQ%3D,4.8만회,4일 전
7,"[속보] ""프랑스 파리 3번이나 뒤집어졌다"" 블랙핑크 파리 앙코르 실황",https://youtube.com/watch?v=aSKJpHUf3lg&pp=ygUv67iU656Z7ZWR7YGsIGFmdGVyOjIwMjMtMDYtMTQgYmVmb3JlOjIwMjMtMDgtMTQ%3D,26만회,4주 전
8,"블랙핑크 BST 무대가 난리난 이유 + 휴 그랜트가 놀란 이유, 사브리나 카펜터",https://youtube.com/watch?v=slU8mDJWknU&pp=ygUv67iU656Z7ZWR7YGsIGFmdGVyOjIwMjMtMDYtMTQgYmVmb3JlOjIwMjMtMDgtMTQ%3D,13만회,1개월 전
9,"블랙핑크, 폭우 속에서 열린 월드투어 메트라이프에서 K-POP 신기록 달성",https://youtube.com/watch?v=ioby7Dgi-zU&pp=ygUv67iU656Z7ZWR7YGsIGFmdGVyOjIwMjMtMDYtMTQgYmVmb3JlOjIwMjMtMDgtMTQ%3D,4천회,1일 전
10,"블랙핑크 멤버 , 당신이 몰랐던 38가지 사실",https://youtube.com/watch?v=jSZps5SvVCE&pp=ygUv67iU656Z7ZWR7YGsIGFmdGVyOjIwMjMtMDYtMTQgYmVmb3JlOjIwMjMtMDgtMTQ%3D,5.2천회,7일 전
11,"블랙핑크, 메트라이프 콘서트 미쳤다 5만 관중이 단체로 떼창하는 클라스!",https://youtube.com/watch?v=9t_invRV_mE&pp=ygUv67iU656Z7ZWR7YGsIGFmdGVyOjIwMjMtMDYtMTQgYmVmb3JlOjIwMjMtMDgtMTQ%3D,3천회,1일 전
12,BAKING ONE DAY CLASS,https://youtube.com/watch?v=ydEwD_K9OMM&pp=ygUv67iU656Z7ZWR7YGsIGFmdGVyOjIwMjMtMDYtMTQgYmVmb3JlOjIwMjMtMDgtMTQ%3D,133만회,2주 전
13,안보현과 열애중인 블랙핑크 지수 전남친들 모음,https://youtube.com/shorts/u5QLVOR3mNs,47만회,9일 전
14,휘트니 츄스턴을 본 블랙핑크 지수 반응,https://youtube.com/shorts/yHidQbH09BY,98만회,1개월 전
15,"""미국, 영국, 프랑스 역사를 바꿔놓았다"" 블랙핑크가 새로운 역사를 만든 현장",https://youtube.com/watch?v=GR_2fcL6iyE&pp=ygUv67iU656Z7ZWR7YGsIGFmdGVyOjIwMjMtMDYtMTQgYmVmb3JlOjIwMjMtMDgtMTQ%3D,10만회,2주 전
16,7주년 맞는 '월드스타' 블랙핑크…YG 재계약은??재계약하면 멤버 당 받게 될 금액 #blackpink,https://youtube.com/watch?v=t56yvzoVZpY&pp=ygUv67iU656Z7ZWR7YGsIGFmdGVyOjIwMjMtMDYtMTQgYmVmb3JlOjIwMjMtMDgtMTQ%3D,2.9천회,8일 전
17,Blackpink in Hanoi vlog 블랙핑크 하노이공연 플래티늄좌석 브이로그/ 베트남 공연 풀영상 河内 越南 Worldtour Bonpink full-time,https://youtube.com/watch?v=EphKu7eozPA&pp=ygUv67iU656Z7ZWR7YGsIGFmdGVyOjIwMjMtMDYtMTQgYmVmb3JlOjIwMjMtMDgtMTQ%3D,1.2만회,2주 전
18,뉴진스 VS 블랙핑크 누가 더 대단할까? #하니 #제니,https://youtube.com/shorts/domtUwPQKMs,7.3만회,2주 전
19,"블랙핑크 제니, 두아 리파 팟캐스트 인터뷰, Blackpink Jennie(한영자막)",https://youtube.com/watch?v=HyAyaCGSyMI&pp=ygUv67iU656Z7ZWR7YGsIGFmdGVyOjIwMjMtMDYtMTQgYmVmb3JlOjIwMjMtMDgtMTQ%3D,20만회,4주 전
20,블랙핑크 로제랑 생로랑 가면 할인될까?😎,https://youtube.com/shorts/r3tFlO-QY1s,242만회,3주 전
21,"데뷔 7주년 블랙핑크…재계약 여부 ""여전히 논의 중"" / SBS / 굿모닝연예",https://youtube.com/watch?v=of-Kt894QgA&pp=ygUv67iU656Z7ZWR7YGsIGFmdGVyOjIwMjMtMDYtMTQgYmVmb3JlOjIwMjMtMDgtMTQ%3D,3.9천회,5일 전
22,"Blackpink in Your Area, HANOI 🖤🩷 | 블랙핑크 하노이",https://youtube.com/watch?v=fuqOb6bNX9c&pp=ygUv67iU656Z7ZWR7YGsIGFmdGVyOjIwMjMtMDYtMTQgYmVmb3JlOjIwMjMtMDgtMTQ%3D,3.1만회,2주 전
23,Coachella vlog,https://youtube.com/watch?v=VX6X3HdO__M&pp=ygUv67iU656Z7ZWR7YGsIGFmdGVyOjIwMjMtMDYtMTQgYmVmb3JlOjIwMjMtMDgtMTQ%3D,569만회,1개월 전
24,BTS 블랙핑크도 뛰어넘은 의외의 걸그룹? 미국까지 씹어먹는 한류열풍 근황!,https://youtube.com/watch?v=AWts6VQMfvE&pp=ygUv67iU656Z7ZWR7YGsIGFmdGVyOjIwMjMtMDYtMTQgYmVmb3JlOjIwMjMtMDgtMTQ%3D,7.2만회,4주 전
25,"블랙핑크 베트남 공연 정상개최되자 베트남은 웃고 중국은 우는 현상황…""역시 블랙핑크의 위력은 대단하네요..!""",https://youtube.com/watch?v=DQnI5XnvdBg&pp=ygUv67iU656Z7ZWR7YGsIGFmdGVyOjIwMjMtMDYtMTQgYmVmb3JlOjIwMjMtMDgtMTQ%3D,2.7만회,2주 전
26,"블랙핑크(BLACKPINK), 여신들 입장하실게요~ 세계를 누비는 블핑이들(출국)✈️SGBAC Airport Departure 2023.7.28 #Newsen",https://youtube.com/watch?v=5aopyuVg1uA&pp=ygUv67iU656Z7ZWR7YGsIGFmdGVyOjIwMjMtMDYtMTQgYmVmb3JlOjIwMjMtMDgtMTQ%3D,8.8만회,2주 전
27,블랙핑크의 엄청난 팬인 프랑스 초등학생! 동네 옷 가게에서 블랙핑크 티셔츠도 사서 입고 다니네요.#국제가족#프랑스일상#블랙핑크해외팬,https://youtube.com/watch?v=tBzEtUk9WHw&pp=ygUv67iU656Z7ZWR7YGsIGFmdGVyOjIwMjMtMDYtMTQgYmVmb3JlOjIwMjMtMDgtMTQ%3D,1.1만회,1개월 전
28,블랙핑크 - 7주년,https://youtube.com/watch?v=9c87NbLjH0I&pp=ygUv67iU656Z7ZWR7YGsIGFmdGVyOjIwMjMtMDYtMTQgYmVmb3JlOjIwMjMtMDgtMTQ%3D,528만회,6일 전
29,[4K] 블랙핑크 지수가 요즘 가장 많이 듣는 말 : 너 T야...?💦 코첼라 후기부터 화보 비하인드까지🌹 #지수 의 이모지 인터뷰🐰 | ELLE KOREA,https://youtube.com/watch?v=1u8oeahwF0Y&pp=ygUv67iU656Z7ZWR7YGsIGFmdGVyOjIwMjMtMDYtMTQgYmVmb3JlOjIwMjMtMDgtMTQ%3D,64만회,3주 전
30,"[투머치토커] ""지수가 해냈다!""  🖤블랙핑크 최초, 공개열애🖤 '연인' 안보현도 떡상 중?  | EP.18-2",https://youtube.com/watch?v=Ayyus3mQPAg&pp=ygUv67iU656Z7ZWR7YGsIGFmdGVyOjIwMjMtMDYtMTQgYmVmb3JlOjIwMjMtMDgtMTQ%3D,3.7천회,10일 전
31,[ENG/THAI/JP] 리사의 보부상 백👜 안엔 어떤 아이템이? 더블유가 탈탈 털어봤습니다😎 by W Korea,https://youtube.com/watch?v=LddZ38_LMuM&pp=ygUv67iU656Z7ZWR7YGsIGFmdGVyOjIwMjMtMDYtMTQgYmVmb3JlOjIwMjMtMDgtMTQ%3D,88만회,2주 전
32,"리사(블랙핑크), ""아우라가 럭셔리 그 자체"" l LISA(BLACKPINK), ""The aura itself is luxurious"" [현장]",https://youtube.com/watch?v=VkVMkCkPwl4&pp=ygUv67iU656Z7ZWR7YGsIGFmdGVyOjIwMjMtMDYtMTQgYmVmb3JlOjIwMjMtMDgtMTQ%3D,19만회,1개월 전
33,블랙핑크 베트남 콘서트 진짜 미쳤다 4만명이 떼창하는 블랙핑크 클라스?!,https://youtube.com/watch?v=yOkroroceIE&pp=ygUv67iU656Z7ZWR7YGsIGFmdGVyOjIwMjMtMDYtMTQgYmVmb3JlOjIwMjMtMDgtMTQ%3D,1만회,2주 전
34,"현재 열애설 난 블랙핑크 지수, 안보현...결혼설 나오고있는 이유",https://youtube.com/watch?v=FNUjrBSLSYg&pp=ygUv67iU656Z7ZWR7YGsIGFmdGVyOjIwMjMtMDYtMTQgYmVmb3JlOjIwMjMtMDgtMTQ%3D,1.6만회,11일 전
35,[블랙핑크]BLACKPINK - 'Shutdown' Live at Kyocera Dome Osaka Japan Tour 2023,https://youtube.com/watch?v=vfu0x2WyRjE&pp=ygUv67iU656Z7ZWR7YGsIGFmdGVyOjIwMjMtMDYtMTQgYmVmb3JlOjIwMjMtMDgtMTQ%3D,17만회,1개월 전
36,(ENG+)🦉: 블랙핑크 지수한테 두 번 고백 받고 사귄 썰 푼다 [시즌5 EP.13],https://youtube.com/watch?v=Ebr-LZ_OVbc&pp=ygUv67iU656Z7ZWR7YGsIGFmdGVyOjIwMjMtMDYtMTQgYmVmb3JlOjIwMjMtMDgtMTQ%3D,78만회,1개월 전
37,프랑스 시골 학교에 블랙 핑크 노래를 틀었을 때 폭발적인 반응! #shorts,https://youtube.com/watch?v=B083yevLWMc&pp=ygUv67iU656Z7ZWR7YGsIGFmdGVyOjIwMjMtMDYtMTQgYmVmb3JlOjIwMjMtMDgtMTQ%3D,4.2천회,4주 전
38,"블랙핑크 [BLACKPINK], 앞날이 더욱 기다려진다는 세계 최고의 걸그룹, 재계약 상황 정리(ENG, AR, CHN)",https://youtube.com/watch?v=kQ-Ug65tUhU&pp=ygUv67iU656Z7ZWR7YGsIGFmdGVyOjIwMjMtMDYtMTQgYmVmb3JlOjIwMjMtMDgtMTQ%3D,3.6만회,6일 전
39,논란 터진 블랙핑크 로제,https://youtube.com/shorts/7OgysArQI0E,2.5만회,2주 전
40,"[풀버전] 블랙핑크 제니·지수·로제, 오래오래 같이 가자 (출국)✈️BLACKPINK JENNIE·JISOO·ROSÉ Airport Departure 23.8.10 #Newsen",https://youtube.com/watch?v=AwOWqHUKFik&pp=ygUv67iU656Z7ZWR7YGsIGFmdGVyOjIwMjMtMDYtMTQgYmVmb3JlOjIwMjMtMDgtMTQ%3D,4만회,4일 전
41,블랙핑크 앨범 스크랩 (쉬운 버전)🖤 BLACKPINK album scrap (easy ver.)🩷,https://youtube.com/shorts/bjQXVCT0tD0,1420만회,1개월 전
42,[블랙핑크] 블핑이 말아주는 띵띵땅땅 챌린지 ㅋㅋㅋ,https://youtube.com/shorts/n1-v5-AwHDI,9.3천회,2주 전
43,블랙핑크(BLACK PINK) ‘SHUT DOWN 셧다운’ | BORN PINK HANOI VIETNAM (Day 2) | 230730,https://youtube.com/watch?v=U9xdCPQ7A3Q&pp=ygUv67iU656Z7ZWR7YGsIGFmdGVyOjIwMjMtMDYtMTQgYmVmb3JlOjIwMjMtMDgtMTQ%3D,9천회,2주 전
44,"블랙핑크 '제니', 깜찍한 미소 짓는 '인간 샤넬'  (출국)✈️BLACKPINK 'JENNIE' Airport Departure 23.8.10 #Newsen",https://youtube.com/watch?v=t4wVP-qG9Xo&pp=ygUv67iU656Z7ZWR7YGsIGFmdGVyOjIwMjMtMDYtMTQgYmVmb3JlOjIwMjMtMDgtMTQ%3D,3.7만회,4일 전
45,1000억원 제시 받은 블랙핑크 리사 탈퇴 가능성,https://youtube.com/shorts/bzProaFDoqc,119만회,1개월 전
46,230812 Lovesick Girls (dancing in the rain!) Blackpink Born Pink Encore Metlife Stadium Day 2 Fancam,https://youtube.com/watch?v=KGPfXeTXP00&pp=ygUv67iU656Z7ZWR7YGsIGFmdGVyOjIwMjMtMDYtMTQgYmVmb3JlOjIwMjMtMDgtMTQ%3D,8만회,1일 전
47,블랙핑크 지수가 디올쇼에 나타나자 샤를리즈 테론과 세계 최고 부자가 충격 받은 이유?,https://youtube.com/watch?v=3lIZgjqGH_4&pp=ygUv67iU656Z7ZWR7YGsIGFmdGVyOjIwMjMtMDYtMTQgYmVmb3JlOjIwMjMtMDgtMTQ%3D,2.3천회,3주 전
48,블랙핑크의 베트남 공연 성공 일본 뉴스에서는 우려 표출?!,https://youtube.com/watch?v=UdAUUAYIr0g&pp=ygUv67iU656Z7ZWR7YGsIGFmdGVyOjIwMjMtMDYtMTQgYmVmb3JlOjIwMjMtMDgtMTQ%3D,6.1천회,12일 전
49,블랙핑크 공연도중 불청객(?)의 등장에 울상이 되어버린 이유!,https://youtube.com/shorts/EN2wjYAuOEw,95만회,12일 전
50,"베트남 하노이 인민위원회 위원장 ""블랙핑크 첫 베트남 공연 감사"" 하다며 감사장 보냈다 #blackpink",https://youtube.com/watch?v=8MT6q1nt1EQ&pp=ygUv67iU656Z7ZWR7YGsIGFmdGVyOjIwMjMtMDYtMTQgYmVmb3JlOjIwMjMtMDgtMTQ%3D,3천회,12일 전
51,블랙핑크 베트남 공연에서 단체 띵띵땅땅,https://youtube.com/shorts/lXnaT7Ddxi8,2.9만회,2주 전
52,한류파워!! 하노이 블랙핑크 대란 (베트남 팬들이 왜케 이뻐!),https://youtube.com/watch?v=hIul1-wFt-s&pp=ygUv67iU656Z7ZWR7YGsIGFmdGVyOjIwMjMtMDYtMTQgYmVmb3JlOjIwMjMtMDgtMTQ%3D,7천회,2주 전
53,230701 BLACKPINK ROSÉ 블랙핑크 로제 출국 Departure 직캠 (Eng Sub),https://youtube.com/watch?v=qABZ9i2Tcrw&pp=ygUv67iU656Z7ZWR7YGsIGFmdGVyOjIwMjMtMDYtMTQgYmVmb3JlOjIwMjMtMDgtMTQ%3D,7.2만회,1개월 전
54,"'블랙핑크 텀블러' 3시간 만에 완판!! 블랙핑크 하노이콘서트, 6만7000여명 매진 #blackpink",https://youtube.com/watch?v=v_9Y2MCUYQM&pp=ygUv67iU656Z7ZWR7YGsIGFmdGVyOjIwMjMtMDYtMTQgYmVmb3JlOjIwMjMtMDgtMTQ%3D,1.9천회,2주 전
55,블랙핑크를 특집으로 다룬 일본방송 - 블랙핑크에 빠지게 되는 3가지 이유 - 블핑 이야기만 한다는 유명 일본 선수,https://youtube.com/watch?v=bBTsGd9Av6A&pp=ygUv67iU656Z7ZWR7YGsIGFmdGVyOjIwMjMtMDYtMTQgYmVmb3JlOjIwMjMtMDgtMTQ%3D,11만회,1개월 전
56,K팝 그룹 '최초' 이걸 누가 이겨…블랙핑크 '독보적 유튜브 퀸' #blackpink,https://youtube.com/watch?v=GqymIZyhvu4&pp=ygUv67iU656Z7ZWR7YGsIGFmdGVyOjIwMjMtMDYtMTQgYmVmb3JlOjIwMjMtMDgtMTQ%3D,966회,13일 전
57,블랙핑크 제니 사주만 드리고 어떤 사람인것 같은지 물었더니.. ''사주안에 도화살이 가득해'' / 김제니 사주 속 숨겨진 비밀 [신점],https://youtube.com/watch?v=S6dsVWexexI&pp=ygUv67iU656Z7ZWR7YGsIGFmdGVyOjIwMjMtMDYtMTQgYmVmb3JlOjIwMjMtMDgtMTQ%3D,2.5천회,2주 전
58,"베트남 팬들, 블랙핑크 찾아 하노이 공항 뛰어 다녀 #베트남현지언론번역 #shorts",https://youtube.com/shorts/BN_uaDOjSrc,953회,2주 전
59,"블랙핑크 리사 재계약, 할 수 없는 이유, 할 수 있는 조건",https://youtube.com/watch?v=CNcNejJ5oEY&pp=ygUv67iU656Z7ZWR7YGsIGFmdGVyOjIwMjMtMDYtMTQgYmVmb3JlOjIwMjMtMDgtMTQ%3D,4.4천회,2주 전
60,블랙핑크 BST Hyde Park 현장반응 | 예쁘고 잘하고 다하더라❤️,https://youtube.com/watch?v=XZpc0WQ282E&pp=ygUv67iU656Z7ZWR7YGsIGFmdGVyOjIwMjMtMDYtMTQgYmVmb3JlOjIwMjMtMDgtMTQ%3D,2.3만회,1개월 전
61,"블랙핑크 '로제', 천상계 '바비인형' (출국)✈️BLACKPINK 'ROSÉ' Airport Departure 23.8.10 #Newsen",https://youtube.com/watch?v=bmGfDKc1ufM&pp=ygUv67iU656Z7ZWR7YGsIGFmdGVyOjIwMjMtMDYtMTQgYmVmb3JlOjIwMjMtMDgtMTQ%3D,2.3만회,4일 전
62,[블랙핑크] BLACKPINK - 'STAY + ' ' Live at Kyocera Dome Osaka Japan Tour 2023,https://youtube.com/watch?v=LszFU-rw8I4&pp=ygUv67iU656Z7ZWR7YGsIGFmdGVyOjIwMjMtMDYtMTQgYmVmb3JlOjIwMjMtMDgtMTQ%3D,18만회,1개월 전
63,블랙핑크 로제 '7주년 벌칙은 내가!'  [STARPIC] / BLACKPINK Arrival - at  SGBAC 20230731,https://youtube.com/watch?v=MBlXmQRZJ_Q&pp=ygUv67iU656Z7ZWR7YGsIGFmdGVyOjIwMjMtMDYtMTQgYmVmb3JlOjIwMjMtMDgtMTQ%3D,6.9천회,2주 전
64,BLACKPINK - ‘B.P.M.’ Roll #29,https://youtube.com/watch?v=H7j9jY3WnrE&pp=ygUv67iU656Z7ZWR7YGsIGFmdGVyOjIwMjMtMDYtMTQgYmVmb3JlOjIwMjMtMDgtMTQ%3D,212만회,2주 전
65,"[풀버전] 블랙핑크 '지수·로제', 데뷔 7주년 축하해요 (출국)✈️BLACKPINK 'JISOO·ROSÉ' Airport Departure 23.8.10 #Newsen",https://youtube.com/watch?v=lKSGndxoXZs&pp=ygUv67iU656Z7ZWR7YGsIGFmdGVyOjIwMjMtMDYtMTQgYmVmb3JlOjIwMjMtMDgtMTQ%3D,3.3만회,4일 전
66,"""블랙핑크 빼면 YG엔 뭐가 남냐?"" 최근 해외팬들이 YG에 불만 폭발하는 이유",https://youtube.com/watch?v=oGE4GY8hcdM&pp=ygUv67iU656Z7ZWR7YGsIGFmdGVyOjIwMjMtMDYtMTQgYmVmb3JlOjIwMjMtMDgtMTQ%3D,1.8천회,2주 전
67,브레이크 댄스 추면 입국하는 '블랙핑크 로제' 7주년 벌칙 #입국 #BLACKPINK #ROSÉ #Newsen,https://youtube.com/watch?v=ZsqIS4EX9fI&pp=ygUv67iU656Z7ZWR7YGsIGFmdGVyOjIwMjMtMDYtMTQgYmVmb3JlOjIwMjMtMDgtMTQ%3D,2만회,2주 전
68,"[문화연예 플러스] 블랙핑크 리사, 재계약 불확실? (2023.07.13/뉴스투데이/MBC)",https://youtube.com/watch?v=7R-o060NM0A&pp=ygUv67iU656Z7ZWR7YGsIGFmdGVyOjIwMjMtMDYtMTQgYmVmb3JlOjIwMjMtMDgtMTQ%3D,7.8만회,1개월 전
69,블랙핑크(BLACKPINK) 입국 (로제 벌칙 구경하는 제니 지수) | SGBAC Airport Arrival,https://youtube.com/watch?v=oigVMLpbgro&pp=ygUv67iU656Z7ZWR7YGsIGFmdGVyOjIwMjMtMDYtMTQgYmVmb3JlOjIwMjMtMDgtMTQ%3D,2.4만회,2주 전
70,블랙핑크 베트남 추가 공연 확정되자 미쳐버린 베트남 반응!!!,https://youtube.com/watch?v=IZky5LVb5DY&pp=ygUv67iU656Z7ZWR7YGsIGFmdGVyOjIwMjMtMDYtMTQgYmVmb3JlOjIwMjMtMDgtMTQ%3D,2.9만회,1개월 전
71,블랙핑크 베트남 콘서트 무대가 난리난 이유 + 리사가 화난 이유 + 카디비,https://youtube.com/watch?v=4GT4DYR6_ik&pp=ygUv67iU656Z7ZWR7YGsIGFmdGVyOjIwMjMtMDYtMTQgYmVmb3JlOjIwMjMtMDgtMTQ%3D,2.6만회,13일 전
72,230702 BLACKPINK JENNIE 제니 직캠 - You and ME + SOLO @BST Hyde Park,https://youtube.com/watch?v=Ec2TGDO13QY&pp=ygUv67iU656Z7ZWR7YGsIGFmdGVyOjIwMjMtMDYtMTQgYmVmb3JlOjIwMjMtMDgtMTQ%3D,35만회,1개월 전
73,230702 BLACKPINK JISOO 블랙핑크 지수 - 꽃 Flower @BST HydePark Festival fancam 직캠 4k,https://youtube.com/watch?v=slYniqW1z_g&pp=ygUv67iU656Z7ZWR7YGsIGFmdGVyOjIwMjMtMDYtMTQgYmVmb3JlOjIwMjMtMDgtMTQ%3D,68만회,1개월 전
74,"블랙핑크가 시드니 콘서트 끝나자마자 급하게 귀국한 이유...""K팝의 거물 블랙핑크가 귀를 찢는 쇼로 시드니를 강타했다""",https://youtube.com/watch?v=ZL_Vby_Gyis&pp=ygUv67iU656Z7ZWR7YGsIGFmdGVyOjIwMjMtMDYtMTQgYmVmb3JlOjIwMjMtMDgtMTQ%3D,3.3만회,1개월 전
75,"블랙핑크, 충격적인 월드투어 근황 공개 제일 적게 돌고 제일 높은 매출이라고?!",https://youtube.com/watch?v=gx6gY53s8X8&pp=ygUv67iU656Z7ZWR7YGsIGFmdGVyOjIwMjMtMDYtMTQgYmVmb3JlOjIwMjMtMDgtMTQ%3D,2.2천회,1개월 전
76,230702 BLACKPINK JENNIE 제니 직캠 - Pink Venom @BST Hyde Park,https://youtube.com/watch?v=qzR_IxMSxf8&pp=ygUv67iU656Z7ZWR7YGsIGFmdGVyOjIwMjMtMDYtMTQgYmVmb3JlOjIwMjMtMDgtMTQ%3D,10만회,1개월 전
77,워렌버핏 보다 돈 많은 회장님 아들이랑 연애중인 블랙핑크 리사ㄷㄷ,https://youtube.com/watch?v=Zu577CjEk8I&pp=ygUv67iU656Z7ZWR7YGsIGFmdGVyOjIwMjMtMDYtMTQgYmVmb3JlOjIwMjMtMDgtMTQ%3D,7만회,1개월 전
78,"블랙핑크, 하이드 파크 페스티벌...""블랙핑크가 영국 축제의 새 역사를 만들었다”",https://youtube.com/watch?v=-B4Hqoec130&pp=ygUv67iU656Z7ZWR7YGsIGFmdGVyOjIwMjMtMDYtMTQgYmVmb3JlOjIwMjMtMDgtMTQ%3D,20만회,1개월 전
79,[4K] 230702 블랙핑크 Tally 제니 직캠 BLACKPINK Tally Jennie fancam @BST Hyde Park,https://youtube.com/watch?v=_BSXMzairh0&pp=ygUv67iU656Z7ZWR7YGsIGFmdGVyOjIwMjMtMDYtMTQgYmVmb3JlOjIwMjMtMDgtMTQ%3D,67만회,1개월 전
80,[블랙핑크] 코첼라 공동 창립자가 직접 콘서트에 섭외한 퀸랙핑크,https://youtube.com/shorts/tdjkYcRON64,1.3만회,1개월 전
81,블랙핑크 지수❤안보현 사주의 궁합 / 궁합이 어떤지 물어봤더니.. 결혼까지 할수 있을까? / 지수 안보현 사주풀이 궁합 신점,https://youtube.com/watch?v=HI84c9JN5eY&pp=ygUv67iU656Z7ZWR7YGsIGFmdGVyOjIwMjMtMDYtMTQgYmVmb3JlOjIwMjMtMDgtMTQ%3D,1.8천회,10일 전
82,BLACKPINK (블랙핑크) 전세기 출국 Departure | SGBAC • 230728,https://youtube.com/watch?v=-wZqHlYfdLo&pp=ygUv67iU656Z7ZWR7YGsIGFmdGVyOjIwMjMtMDYtMTQgYmVmb3JlOjIwMjMtMDgtMTQ%3D,1.7만회,2주 전
83,블랙핑크 지수 한국인 최초 전세계 연예인 파워랭킹 1위 등극?! #한류 #kpop #블랙핑크 #블랙핑크지수 #blackpink #디올 #dior #댓글반응 #해외반응,https://youtube.com/watch?v=2GHAvdcAGa0&pp=ygUv67iU656Z7ZWR7YGsIGFmdGVyOjIwMjMtMDYtMTQgYmVmb3JlOjIwMjMtMDgtMTQ%3D,3.8천회,1개월 전
84,YG가 블랙핑크 지수의 열애설을 칼인정할수밖에 없었던 이유ㅋㅋㅋ,https://youtube.com/watch?v=wO5tBuQ2XX0&pp=ygUv67iU656Z7ZWR7YGsIGFmdGVyOjIwMjMtMDYtMTQgYmVmb3JlOjIwMjMtMDgtMTQ%3D,4.4만회,7일 전
85,"[문화연예 플러스] '월드투어' 블랙핑크, 베트남 추가 공연 (2023.06.27/뉴스투데이/MBC)",https://youtube.com/watch?v=UOr7VqaRhrw&pp=ygUv67iU656Z7ZWR7YGsIGFmdGVyOjIwMjMtMDYtMTQgYmVmb3JlOjIwMjMtMDgtMTQ%3D,1만회,1개월 전
86,"""요즘 한국은 이런거에 민감한데"" 블랙핑크 최근 소식에 뒤집어진 해외 반응",https://youtube.com/watch?v=nuI1M9-w6A4&pp=ygUv67iU656Z7ZWR7YGsIGFmdGVyOjIwMjMtMDYtMTQgYmVmb3JlOjIwMjMtMDgtMTQ%3D,1.8만회,1개월 전
87,"8월 8일 블랙핑크 계약만료, YG주가는?",https://youtube.com/watch?v=Ec0mmysh1bM&pp=ygUv67iU656Z7ZWR7YGsIGFmdGVyOjIwMjMtMDYtMTQgYmVmb3JlOjIwMjMtMDgtMTQ%3D,6.1천회,4주 전
88,"[뉴스 '꾹'] ""블랙핑크 콘서트 티켓 취소!"" 뜨겁던 베트남 팬들의 '분노' (2023.07.07/MBC뉴스)",https://youtube.com/watch?v=9l_AbJLTCw0&pp=ygUv67iU656Z7ZWR7YGsIGFmdGVyOjIwMjMtMDYtMTQgYmVmb3JlOjIwMjMtMDgtMTQ%3D,31만회,1개월 전
89,"""저 블랙핑크에 미쳤어요"" 휴그랜트 충격고백후 단 하루만에 벌어진 기적",https://youtube.com/watch?v=HvB3HJR3PSE&pp=ygUv67iU656Z7ZWR7YGsIGFmdGVyOjIwMjMtMDYtMTQgYmVmb3JlOjIwMjMtMDgtMTQ%3D,7만회,1개월 전
90,베트남 하노이를 정복한 블랙핑크 이들의 공연에 팬들은 미칠 정도?!,https://youtube.com/watch?v=wDIDM5rIBcg&pp=ygUv67iU656Z7ZWR7YGsIGFmdGVyOjIwMjMtMDYtMTQgYmVmb3JlOjIwMjMtMDgtMTQ%3D,1.7만회,2주 전
91,"'블랙핑크·바비쯤이야'…4,000조 지나는 남중국해 9단선 [와이즈픽] / YTN",https://youtube.com/watch?v=oz_ekI92dlY&pp=ygUv67iU656Z7ZWR7YGsIGFmdGVyOjIwMjMtMDYtMTQgYmVmb3JlOjIwMjMtMDgtMTQ%3D,2.7만회,4주 전
92,"데뷔 7주년 맞은 블랙핑크, 향후 활동 ‘촉각’ [잇슈 연예] / KBS  2023.08.07.",https://youtube.com/watch?v=XMaOB3B9pxg&pp=ygUv67iU656Z7ZWR7YGsIGFmdGVyOjIwMjMtMDYtMTQgYmVmb3JlOjIwMjMtMDgtMTQ%3D,6.5천회,7일 전
93,[블랙핑크] 제니와 지수가 한국인인 증거,https://youtube.com/shorts/4sPggVfBiVw,9.6만회,1개월 전
94,"[문화연예 플러스] 블랙핑크 제니, 전용 헬기 공개 (2023.06.21/뉴스투데이/MBC)",https://youtube.com/watch?v=cDPy4MEYdOI&pp=ygUv67iU656Z7ZWR7YGsIGFmdGVyOjIwMjMtMDYtMTQgYmVmb3JlOjIwMjMtMDgtMTQ%3D,8만회,1개월 전
95,"BLACKPINK (JISOO, ROSÉ) 블랙핑크 지수 로제 출국 DEPARTURE | 인천공항 230810",https://youtube.com/watch?v=2MMgfpHGPcY&pp=ygUv67iU656Z7ZWR7YGsIGFmdGVyOjIwMjMtMDYtMTQgYmVmb3JlOjIwMjMtMDgtMTQ%3D,2.6만회,4일 전
96,"""또 다른 시위가 열린줄 알았다"" 8만명 파리 블랙핑크 콘서트 충격현장  #블랙핑크 #블랙핑크파리콘서트 #blackpink",https://youtube.com/watch?v=pHkT-B_svGo&pp=ygUv67iU656Z7ZWR7YGsIGFmdGVyOjIwMjMtMDYtMTQgYmVmb3JlOjIwMjMtMDgtMTQ%3D,8.4천회,4주 전
97,"지수·로제(블랙핑크),""흐린 날씨에도 미모는 매우 맑음""l JISOO·ROSÉ(BLACKPINK), ""Shining Beauty, even in cloudy weather""[공항]",https://youtube.com/watch?v=6bdJt_r-Zg4&pp=ygUv67iU656Z7ZWR7YGsIGFmdGVyOjIwMjMtMDYtMTQgYmVmb3JlOjIwMjMtMDgtMTQ%3D,2.5만회,4일 전
98,[4K] 230702 You And Me + SOLO 블랙핑크 제니 직캠 BLACKPINK Jennie fancam @BST Hyde Park,https://youtube.com/watch?v=z-C1g5Vn574&pp=ygUv67iU656Z7ZWR7YGsIGFmdGVyOjIwMjMtMDYtMTQgYmVmb3JlOjIwMjMtMDgtMTQ%3D,13만회,1개월 전
99,230702 BLACKPINK JISOO 블랙핑크 지수 - Pink Venom @BST HydePark Festival fancam 직캠 4k,https://youtube.com/watch?v=MbfeAoj2dDk&pp=ygUv67iU656Z7ZWR7YGsIGFmdGVyOjIwMjMtMDYtMTQgYmVmb3JlOjIwMjMtMDgtMTQ%3D,6.7만회,1개월 전
100,블랙핑크의 파리 콘서트를 비난한 언론사 조작된 사진 사용하다가 욕먹는 중ㄷㄷ,https://youtube.com/watch?v=lv1PCh-NAso&pp=ygUv67iU656Z7ZWR7YGsIGFmdGVyOjIwMjMtMDYtMTQgYmVmb3JlOjIwMjMtMDgtMTQ%3D,7.8천회,3주 전
101,"블랙핑크, 유튜브 구독자 '9천만 명' 돌파…아티스트 최초 / SBS / 굿모닝연예",https://youtube.com/watch?v=yj9tWP6j5Y8&pp=ygUv67iU656Z7ZWR7YGsIGFmdGVyOjIwMjMtMDYtMTQgYmVmb3JlOjIwMjMtMDgtMTQ%3D,7.9천회,3주 전
102,'제2의 빅뱅·블랙핑크' 시동거는 YG [말하는 기자들_대중문화_0728],https://youtube.com/watch?v=jmWJVyIRGRc&pp=ygUv67iU656Z7ZWR7YGsIGFmdGVyOjIwMjMtMDYtMTQgYmVmb3JlOjIwMjMtMDgtMTQ%3D,2.5천회,2주 전
103,"[문화연예 플러스] 베트남, '구단선' 논란에도 블랙핑크 공연 허가 (2023.07.26/뉴스투데이/MBC)",https://youtube.com/watch?v=txsLMpqvJfw&pp=ygUv67iU656Z7ZWR7YGsIGFmdGVyOjIwMjMtMDYtMTQgYmVmb3JlOjIwMjMtMDgtMTQ%3D,1.5만회,2주 전
104,[블랙핑크] 땀이 많은 지수를 만지고 기겁한 제니 ㅋㅋㅋ,https://youtube.com/shorts/ZoGkzguxgH8,22만회,4주 전
105,[블랙핑크] 블핑 8주년이 기대되는 지수,https://youtube.com/shorts/zSEu2VtfiZ4,4.1천회,6일 전
106,"블랙핑크 지수(BLACKPINK JISOO), '밀수' VIP시사회에 떴다.. 깜짝 등장에 흥분한 국내외 블링크 팬들 @ 메가박스 코엑스 230720 ※ 함성주의 ※",https://youtube.com/watch?v=hCxg3_r6wpg&pp=ygUv67iU656Z7ZWR7YGsIGFmdGVyOjIwMjMtMDYtMTQgYmVmb3JlOjIwMjMtMDgtMTQ%3D,1.3만회,3주 전
107,드디어 블랙핑크 '젠츄리챙' 완전체 보유국(입국)✈️BLACKPINK ICN Airport Arrival #Newsen,https://youtube.com/watch?v=nhmn1fAjU0k&pp=ygUv67iU656Z7ZWR7YGsIGFmdGVyOjIwMjMtMDYtMTQgYmVmb3JlOjIwMjMtMDgtMTQ%3D,10만회,3주 전
108,블랙핑크 터졌다,https://youtube.com/watch?v=y0n42pDPhF8&pp=ygUv67iU656Z7ZWR7YGsIGFmdGVyOjIwMjMtMDYtMTQgYmVmb3JlOjIwMjMtMDgtMTQ%3D,16만회,3주 전
109,"블랙핑크 로제가 피프티피프티 아란에게 ""정신차려라""고 공개저격한 이유",https://youtube.com/watch?v=k3iyOv9j4mU&pp=ygUv67iU656Z7ZWR7YGsIGFmdGVyOjIwMjMtMDYtMTQgYmVmb3JlOjIwMjMtMDgtMTQ%3D,45만회,1개월 전
110,요즘 해외에서 제니 미디어 반응,https://youtube.com/watch?v=02U4pZ1L1n4&pp=ygUv67iU656Z7ZWR7YGsIGFmdGVyOjIwMjMtMDYtMTQgYmVmb3JlOjIwMjMtMDgtMTQ%3D,6.4만회,1개월 전
111,230702 BLACKPINK JISOO 블랙핑크 지수 - Lovesick Girls @BST HydePark Festival fancam 직캠 4k,https://youtube.com/watch?v=9ClQ9V8GtTg&pp=ygUv67iU656Z7ZWR7YGsIGFmdGVyOjIwMjMtMDYtMTQgYmVmb3JlOjIwMjMtMDgtMTQ%3D,4.3만회,1개월 전
112,"[문화연예 플러스] 블랙핑크, K팝 여성 가수 최초 유럽 스타디움 공연 (2023.07.19/뉴스투데이/MBC)",https://youtube.com/watch?v=FT9u9Ji6yKQ&pp=ygUv67iU656Z7ZWR7YGsIGFmdGVyOjIwMjMtMDYtMTQgYmVmb3JlOjIwMjMtMDgtMTQ%3D,1.8만회,3주 전
113,블랙핑크 베트남 콘서트 싹쓸 초대박친 상황? 자식 따라 부모들까지 콘서트장 찾게 만드는 블랙핑크해외반응 blackpink reaction,https://youtube.com/watch?v=4DeCuiHPx6o&pp=ygUv67iU656Z7ZWR7YGsIGFmdGVyOjIwMjMtMDYtMTQgYmVmb3JlOjIwMjMtMDgtMTQ%3D,7.7만회,1개월 전
114,230702 BLACKPINK LISA 블랙핑크 리사 - MONEY BST HydePark Festival fancam 직캠,https://youtube.com/watch?v=rDzQF0tXYGM&pp=ygUv67iU656Z7ZWR7YGsIGFmdGVyOjIwMjMtMDYtMTQgYmVmb3JlOjIwMjMtMDgtMTQ%3D,35만회,1개월 전
115,230702 BLACKPINK JENNIE 제니 직캠 - Shut Down @BST Hyde Park,https://youtube.com/watch?v=DQRVGt7fmiY&pp=ygUv67iU656Z7ZWR7YGsIGFmdGVyOjIwMjMtMDYtMTQgYmVmb3JlOjIwMjMtMDgtMTQ%3D,8만회,1개월 전
116,"BLACKPINK 블랙핑크 Born Pink Tour in Hanoi, Day 2 - REALLY (230730) (JENNIE 제니 4K Fancam)",https://youtube.com/watch?v=LU_TxnwaX88&pp=ygUv67iU656Z7ZWR7YGsIGFmdGVyOjIwMjMtMDYtMTQgYmVmb3JlOjIwMjMtMDgtMTQ%3D,2.2만회,2주 전
117,Blackpink @ Stade de France in Paris - Shut Down | Fancam,https://youtube.com/watch?v=pz31TRwpri0&pp=ygUv67iU656Z7ZWR7YGsIGFmdGVyOjIwMjMtMDYtMTQgYmVmb3JlOjIwMjMtMDgtMTQ%3D,20만회,4주 전
118,230702 BLACKPINK JISOO 블랙핑크 지수 - Shut Down @BST HydePark Festival fancam 직캠 4k,https://youtube.com/watch?v=u57RfD3VmsA&pp=ygUv67iU656Z7ZWR7YGsIGFmdGVyOjIwMjMtMDYtMTQgYmVmb3JlOjIwMjMtMDgtMTQ%3D,6.2만회,1개월 전
119,"블랙핑크, 영국 음악 축제 헤드라이너 출연 [잇슈 연예] / KBS  2023.07.04.",https://youtube.com/watch?v=zhpgp6IMJmk&pp=ygUv67iU656Z7ZWR7YGsIGFmdGVyOjIwMjMtMDYtMTQgYmVmb3JlOjIwMjMtMDgtMTQ%3D,1.3만회,1개월 전
120,"‘블랙핑크, 뉴욕 메트라이프 싹쓸’ 연일 매진으로 BTS기록 돌파?! 새로이 역사를 써내려가는 블랙핑크",https://youtube.com/watch?v=KbXy51t1uUs&pp=ygUv67iU656Z7ZWR7YGsIGFmdGVyOjIwMjMtMDYtMTQgYmVmb3JlOjIwMjMtMDgtMTQ%3D,5.3천회,2일 전
121,BLACKPINK '블랙핑크' '붐바야 (BOOMBAYAH)' + 'LOVESICK GIRLS' 230715 4K Fancam at Stade de France BORN PINK,https://youtube.com/watch?v=MJTFYiLJe4s&pp=ygUv67iU656Z7ZWR7YGsIGFmdGVyOjIwMjMtMDYtMTQgYmVmb3JlOjIwMjMtMDgtMTQ%3D,9만회,4주 전
122,2023.07.29 BLACKPINK BORN PINK HANOI JISOO SOLO FLOWER 블랙핑크 하노일 지수 솔로 꽃🌹,https://youtube.com/watch?v=CaVokH9QHBw&pp=ygUv67iU656Z7ZWR7YGsIGFmdGVyOjIwMjMtMDYtMTQgYmVmb3JlOjIwMjMtMDgtMTQ%3D,2.2천회,2주 전
123,"블랙핑크 리사, 소속사 재계약 불발설…입장 내놓은 YG / SBS / 굿모닝연예",https://youtube.com/watch?v=mp1nEnS9HcA&pp=ygUv67iU656Z7ZWR7YGsIGFmdGVyOjIwMjMtMDYtMTQgYmVmb3JlOjIwMjMtMDgtMTQ%3D,1.1만회,1개월 전
124,BLACKPINK “JENNIE” (블랙핑크 제니) 출국 ‘귀여운 샤넬 레인부츠 신은 제니’ | 인천공항,https://youtube.com/watch?v=SvNnoqI1s9I&pp=ygUv67iU656Z7ZWR7YGsIGFmdGVyOjIwMjMtMDYtMTQgYmVmb3JlOjIwMjMtMDgtMTQ%3D,4.5만회,4일 전
125,세계에 한 대 있다는 블랙핑크 제니 슈퍼카 #shorts #자동차,https://youtube.com/shorts/XLCp1Hm_8uo,5.9만회,6일 전
126,"블랙핑크(BLACKPINK) 재계약, 투애니원(2NE1)이 생각나는 이유?",https://youtube.com/watch?v=dttAWn6MCpo&pp=ygUv67iU656Z7ZWR7YGsIGFmdGVyOjIwMjMtMDYtMTQgYmVmb3JlOjIwMjMtMDgtMTQ%3D,5.5천회,2주 전
127,"블랙핑크, 지금 중국에서 미친듯이 쌍욕 먹는 이유...",https://youtube.com/watch?v=BXMFqoahLWg&pp=ygUv67iU656Z7ZWR7YGsIGFmdGVyOjIwMjMtMDYtMTQgYmVmb3JlOjIwMjMtMDgtMTQ%3D,1.3만회,1개월 전
128,"""갑자기?"" 쿨하게 인정해버린 블랙핑크 지수 열애설... 멘붕에 빠진 해외 반응",https://youtube.com/watch?v=dUvkixcZGeA&pp=ygUv67iU656Z7ZWR7YGsIGFmdGVyOjIwMjMtMDYtMTQgYmVmb3JlOjIwMjMtMDgtMTQ%3D,3.5천회,11일 전
129,"블랙핑크(BLACKPINK), 월드스타 블핑 '최고에요!'(입국)✈️'SGBAC' Airport Arrival 23.6.18 #Newsen",https://youtube.com/watch?v=uIZ_ses2Vx0&pp=ygUv67iU656Z7ZWR7YGsIGFmdGVyOjIwMjMtMDYtMTQgYmVmb3JlOjIwMjMtMDgtMTQ%3D,7.8만회,1개월 전
130,"블랙핑크 지수, 배우 안보현과 교제...""알아가는 단계"" / YTN",https://youtube.com/watch?v=e0hLMN3NkxI&pp=ygUv67iU656Z7ZWR7YGsIGFmdGVyOjIwMjMtMDYtMTQgYmVmb3JlOjIwMjMtMDgtMTQ%3D,3.1만회,11일 전
131,"[4K풀버전] 블랙핑크 '지수·제니', 젠득이와 츄 ❤️✈️BLACKPINK 'JISOO·JENNIE' ICN Airport Arrival 23.7.17 #Newsen",https://youtube.com/watch?v=ReWoURxTp0E&pp=ygUv67iU656Z7ZWR7YGsIGFmdGVyOjIwMjMtMDYtMTQgYmVmb3JlOjIwMjMtMDgtMTQ%3D,7.6만회,4주 전
132,230702 BLACKPINK JISOO 블랙핑크 지수 - 꽃 Flower @BST HydePark Festival fancam 직캠 4k,https://youtube.com/watch?v=slYniqW1z_g&pp=ygUv67iU656Z7ZWR7YGsIGFmdGVyOjIwMjMtMDYtMTQgYmVmb3JlOjIwMjMtMDgtMTQ%3D,68만회,1개월 전
133,[풀버전] 블랙핑크 '로제·제니·지수' (입국)✈️BLACKPINK 'JENNIE·JISOO·ROSÉ' ICN Airport Arrival 23.7.4 #Newsen,https://youtube.com/watch?v=FREWEqc0H_o&pp=ygUv67iU656Z7ZWR7YGsIGFmdGVyOjIwMjMtMDYtMTQgYmVmb3JlOjIwMjMtMDgtMTQ%3D,41만회,1개월 전
134,[KPOP IN PUBLIC] BLACKPINK (블랙 핑크) - BOOMBAYAH (붐바야) | Dance Cover | Hiraeth Crew from Barcelona,https://youtube.com/watch?v=_BuYisRUcSs&pp=ygUv67iU656Z7ZWR7YGsIGFmdGVyOjIwMjMtMDYtMTQgYmVmb3JlOjIwMjMtMDgtMTQ%3D,1.9만회,6일 전
135,"블랙핑크 지수, 핫한 영화는 놓칠 수 없지~ ‘존재 자체가 러블리 지츄’(밀수 VIP포토월)/ BLACKPINK JISOO #Newsen",https://youtube.com/watch?v=y6Y1Gcg5FUk&pp=ygUv67iU656Z7ZWR7YGsIGFmdGVyOjIwMjMtMDYtMTQgYmVmb3JlOjIwMjMtMDgtMTQ%3D,3.3만회,3주 전
136,"블랙핑크 '제니', '매력·미모' 갓벽 젠득 (출국)✈️BLACKPINK 'JENNIE' Airport Departure 23.7.13 #Newsen",https://youtube.com/watch?v=mc59Wavnb4o&pp=ygUv67iU656Z7ZWR7YGsIGFmdGVyOjIwMjMtMDYtMTQgYmVmb3JlOjIwMjMtMDgtMTQ%3D,6.5만회,1개월 전
137,"♥ 뉴진스, 블랙핑크, 트와이스 ▶ NEW JEANS, BLACKPINK, TWICE (최근 12개월)",https://youtube.com/watch?v=ywnWmTiUgrU&pp=ygUv67iU656Z7ZWR7YGsIGFmdGVyOjIwMjMtMDYtMTQgYmVmb3JlOjIwMjMtMDgtMTQ%3D,926회,2주 전
138,"블랙핑크 리사, ‘럭셔리 러블리 골져스’ 수식어가 부족한 퀸의 자태(불가리 포토월)/ BLACKPINK LISA #Newsen",https://youtube.com/watch?v=57K7XdlZhh4&pp=ygUv67iU656Z7ZWR7YGsIGFmdGVyOjIwMjMtMDYtMTQgYmVmb3JlOjIwMjMtMDgtMTQ%3D,21만회,1개월 전
139,[프랑스 브이로그] 프랑스 학예회에서 쉬는 시간에 블랙핑크 노래를 틀었더니 난리났습니다. ㅎㅎ  #국제가족 #해외생활 #육아브이로그,https://youtube.com/watch?v=kdhLNpJL8lU&pp=ygUv67iU656Z7ZWR7YGsIGFmdGVyOjIwMjMtMDYtMTQgYmVmb3JlOjIwMjMtMDgtMTQ%3D,4.7만회,3주 전
140,[블랙핑크] 코첼라 공동 창립자가 직접 콘서트에 섭외한 퀸랙핑크,https://youtube.com/shorts/tdjkYcRON64,1.3만회,1개월 전
141,영국 런던 BST 하이드파크에서 블랙핑크 본 브이로그🇬🇧 | BLACKPINK at BST Hyde Park (London - 02/07/2023),https://youtube.com/watch?v=HHqfD6sf390&pp=ygUv67iU656Z7ZWR7YGsIGFmdGVyOjIwMjMtMDYtMTQgYmVmb3JlOjIwMjMtMDgtMTQ%3D,2.7만회,4주 전
142,[블랙핑크] ISTP 지수 vs ENFP 로제,https://youtube.com/shorts/IzZa_dSbqHs,11만회,1개월 전
143,🖤블랙핑크 7주년 기념 믹스셋💖블링크 모여라! 🎉DJ KARA카라🔥/ 케이팝 바운스,https://youtube.com/watch?v=SB0l98eUMXc&pp=ygUv67iU656Z7ZWR7YGsIGFmdGVyOjIwMjMtMDYtMTQgYmVmb3JlOjIwMjMtMDgtMTQ%3D,3.6천회,15시간 전
144,"BLACKPINK (JISOO, JENNIE) 블랙핑크 입국 (지수,제니) Arrival | 인천공항 • 비몽",https://youtube.com/watch?v=_oB6ghLbd3c&pp=ygUv67iU656Z7ZWR7YGsIGFmdGVyOjIwMjMtMDYtMTQgYmVmb3JlOjIwMjMtMDgtMTQ%3D,6.3만회,4주 전
145,"BLACKPINK '블랙핑크' 'PINK VENOM' 230715 4K Fancam at Stade de France, Paris BORN PINK encore",https://youtube.com/watch?v=CIQlNpNcv6U&pp=ygUv67iU656Z7ZWR7YGsIGFmdGVyOjIwMjMtMDYtMTQgYmVmb3JlOjIwMjMtMDgtMTQ%3D,5.9만회,4주 전
146,【일본방송 번역】 블랙핑크 Black Pink | 지금 전 지구 규모로 주목받고 있는 블랙핑크! - 그녀들은 왜 세계를 사로잡았는가? #blackpink #블랙핑크,https://youtube.com/watch?v=Y-0HRCbjy44&pp=ygUv67iU656Z7ZWR7YGsIGFmdGVyOjIwMjMtMDYtMTQgYmVmb3JlOjIwMjMtMDgtMTQ%3D,2.1만회,1개월 전
147,"(SUB) 이나연의 최근 잘산템🎁 & 방구석 안쓴템🎒👡 l 블랙핑크 제니 목걸이, 지수 블라우스 손민수 후기🩷🖤",https://youtube.com/watch?v=cd0rqMJTXvU&pp=ygUv67iU656Z7ZWR7YGsIGFmdGVyOjIwMjMtMDYtMTQgYmVmb3JlOjIwMjMtMDgtMTQ%3D,30만회,10일 전
148,홀란드 준비성에 심쿵한 블랙핑크 지수❤️‍🔥,https://youtube.com/shorts/s3Kdm9C2ock,38만회,11일 전
149,"블랙핑크(BLACKPINK) 제니, 단추 세개 달린 원피스 입고 빵 터진 이유는?",https://youtube.com/watch?v=bpJ63q15_MQ&pp=ygUv67iU656Z7ZWR7YGsIGFmdGVyOjIwMjMtMDYtMTQgYmVmb3JlOjIwMjMtMDgtMTQ%3D,1.4만회,1개월 전
150,"블랙핑크 지수❤안보현, 이제보니 빼박이라는 열애 티났던 과거 장면들ㄷㄷ",https://youtube.com/watch?v=_8WduitM-sM&pp=ygUv67iU656Z7ZWR7YGsIGFmdGVyOjIwMjMtMDYtMTQgYmVmb3JlOjIwMjMtMDgtMTQ%3D,9.7만회,11일 전
151,블랙핑크 지수-안보현 열애 💖투샷은 이런 느낌 💖 다시보는 '밀수' VIP시사회 | JISOO & Ahn Bo-hyun This is how the two-shot feels,https://youtube.com/watch?v=LFHzl3lum10&pp=ygUv67iU656Z7ZWR7YGsIGFmdGVyOjIwMjMtMDYtMTQgYmVmb3JlOjIwMjMtMDgtMTQ%3D,3.5만회,11일 전
152,BLACKPINK (블랙핑크) 파리 콘서트 출국 공항패션 AIRPORT DEPARTURE | 인천공항 • 비몽,https://youtube.com/watch?v=BR8B2P04_JA&pp=ygUv67iU656Z7ZWR7YGsIGFmdGVyOjIwMjMtMDYtMTQgYmVmb3JlOjIwMjMtMDgtMTQ%3D,23만회,1개월 전
153,"[4K] 블랙핑크 '제니', 부끄 부끄 젠득❤️사랑스럽지?! (입국)✈️BLACKPINK 'JENNIE' ICN Airport Arrival 23.7.17 #Newsen",https://youtube.com/watch?v=kF9Q0oV2zXA&pp=ygUv67iU656Z7ZWR7YGsIGFmdGVyOjIwMjMtMDYtMTQgYmVmb3JlOjIwMjMtMDgtMTQ%3D,3.2만회,4주 전
154,로베의 지수 꽃 챌린지! 💕 #블랙핑크 #shorts,https://youtube.com/shorts/gbg02wCCr7Q,1248만회,1개월 전
155,Blackpink @ Stade de France in Paris - Pink Venom | Fancam,https://youtube.com/watch?v=R5a02L-aROM&pp=ygUv67iU656Z7ZWR7YGsIGFmdGVyOjIwMjMtMDYtMTQgYmVmb3JlOjIwMjMtMDgtMTQ%3D,24만회,4주 전
156,"블랙핑크 '로제', 예쁨이 휘날리는 금빛 미소 (출국)✈️BLACKPINK 'ROSÉ' Airport Departure 23.7.14 #Newsen",https://youtube.com/watch?v=sHaeeY6Ar0o&pp=ygUv67iU656Z7ZWR7YGsIGFmdGVyOjIwMjMtMDYtMTQgYmVmb3JlOjIwMjMtMDgtMTQ%3D,4.6만회,1개월 전
157,"블랙핑크 파리 앙코르 콘서트 ""프랑스 폭동의 한가운데서 펼쳐진 사랑과 평화의 케이팝 축제"" [BLACKPINK PARIS ENCORE]",https://youtube.com/watch?v=NdGUp9Tz3gk&pp=ygUv67iU656Z7ZWR7YGsIGFmdGVyOjIwMjMtMDYtMTQgYmVmb3JlOjIwMjMtMDgtMTQ%3D,1.1만회,4주 전
158,"블랙핑크 지수 , 당신이 몰랐던 8가지 사실",https://youtube.com/watch?v=JRpA1i1iy0A&pp=ygUv67iU656Z7ZWR7YGsIGFmdGVyOjIwMjMtMDYtMTQgYmVmb3JlOjIwMjMtMDgtMTQ%3D,2.8만회,11일 전
159,[씬속뉴스] 블랙핑크 '뚜두뚜두' MV 21억 뷰 돌파…블랙핑크 독보적 '유튜브 퀸' / 연합뉴스TV (YonhapnewsTV),https://youtube.com/watch?v=voXvO40Bab0&pp=ygUv67iU656Z7ZWR7YGsIGFmdGVyOjIwMjMtMDYtMTQgYmVmb3JlOjIwMjMtMDgtMTQ%3D,1.5천회,13일 전
160,BLACKPINK (블랙핑크) - Tally Color Coded Lyrics,https://youtube.com/watch?v=OQKWc5SSrsE&pp=ygUv67iU656Z7ZWR7YGsIGFmdGVyOjIwMjMtMDYtMTQgYmVmb3JlOjIwMjMtMDgtMTQ%3D,4.3천회,7일 전
161,블랙핑크 지수·배우 안보현 열애…외신도 주목 [잇슈 연예] / KBS  2023.08.04.,https://youtube.com/watch?v=7jOyPtFtyN4&pp=ygUv67iU656Z7ZWR7YGsIGFmdGVyOjIwMjMtMDYtMTQgYmVmb3JlOjIwMjMtMDgtMTQ%3D,1.1만회,10일 전
162,"블랙핑크 지수의 ""꽃"" 작곡한 히트곡 메이커와 엄정화가 만나면? #댄스가수유랑단 EP.11 | tvN 230803 방송",https://youtube.com/watch?v=Iss7hlCIAtM&pp=ygUv67iU656Z7ZWR7YGsIGFmdGVyOjIwMjMtMDYtMTQgYmVmb3JlOjIwMjMtMDgtMTQ%3D,1.3만회,9일 전
163,[4K] 221016 블랙핑크 콘서트 You And Me 제니 직캠 You and ME Jennie fancam @BORN PINK in Seoul,https://youtube.com/watch?v=dAZK900jkHM&pp=ygUv67iU656Z7ZWR7YGsIGFmdGVyOjIwMjMtMDYtMTQgYmVmb3JlOjIwMjMtMDgtMTQ%3D,1.8만회,3주 전
164,쿨룩 LIVE ▷ 키스오브라이프(KISS OF LIFE) '휘파람 [원곡: 블랙핑크]' 라이브 / [데이식스의 키스 더 라디오] I KBS 230728 방송,https://youtube.com/watch?v=kZ7f4OqBTXk&pp=ygUv67iU656Z7ZWR7YGsIGFmdGVyOjIwMjMtMDYtMTQgYmVmb3JlOjIwMjMtMDgtMTQ%3D,2.1만회,2주 전
165,Blackpink @ Stade de France in Paris - Pretty Savage | Fancam,https://youtube.com/watch?v=8L-n7xlqcMI&pp=ygUv67iU656Z7ZWR7YGsIGFmdGVyOjIwMjMtMDYtMTQgYmVmb3JlOjIwMjMtMDgtMTQ%3D,38만회,4주 전
166,230702 BLACKPINK JENNIE 제니 직캠 - Pretty Savage @BST Hyde Park,https://youtube.com/watch?v=gLsS4FRZ-So&pp=ygUv67iU656Z7ZWR7YGsIGFmdGVyOjIwMjMtMDYtMTQgYmVmb3JlOjIwMjMtMDgtMTQ%3D,8.4만회,1개월 전
167,[블랙핑크] 제니 띵띵땅땅 #shorts jennie See Tình,https://youtube.com/shorts/vU5Un0idLvs,13만회,2주 전
168,"블랙핑크 리사 지수, 현재 해외에서는 열애 중이라는 말이 나올 정도라고?! #Kpop #블랙핑크 #블랙핑크리사 #lisa #블랙핑크지수 #jisoo",https://youtube.com/watch?v=uH_OFHcZy6Y&pp=ygUv67iU656Z7ZWR7YGsIGFmdGVyOjIwMjMtMDYtMTQgYmVmb3JlOjIwMjMtMDgtMTQ%3D,3.4천회,1개월 전
169,BLACKPINK (블랙핑크) 5만 5천 관객 동원한 파리 앵콜 콘서트 후 입국 직캠 Arrival | 인천공항 • 비몽,https://youtube.com/watch?v=X-YNHyBK9hY&pp=ygUv67iU656Z7ZWR7YGsIGFmdGVyOjIwMjMtMDYtMTQgYmVmb3JlOjIwMjMtMDgtMTQ%3D,7.3만회,3주 전
170,"[자막뉴스] 데뷔 7주년 맞은 블랙핑크, 재계약 불투명.. 그녀들은 어디로? / OBS 뉴스",https://youtube.com/watch?v=o96Cka-uT3o&pp=ygUv67iU656Z7ZWR7YGsIGFmdGVyOjIwMjMtMDYtMTQgYmVmb3JlOjIwMjMtMDgtMTQ%3D,4.1천회,7일 전
171,Blackpink @ Stade de France in Paris - Playing with fire | Fancam,https://youtube.com/watch?v=ztruMWzwFMo&pp=ygUv67iU656Z7ZWR7YGsIGFmdGVyOjIwMjMtMDYtMTQgYmVmb3JlOjIwMjMtMDgtMTQ%3D,15만회,4주 전
172,블랙핑크 베트남 하노이에서 열린 콘서트 🇻🇳🥰🥳,https://youtube.com/watch?v=qA2GrrEUkbo&pp=ygUv67iU656Z7ZWR7YGsIGFmdGVyOjIwMjMtMDYtMTQgYmVmb3JlOjIwMjMtMDgtMTQ%3D,1.9천회,2주 전
173,[#리뷰] 락 어설프게 하지 마라ㅣ블랙핑크 (BLACKPINK) - Shut Down 'Coachella 2023' 리뷰/음악 분석 토크 (REVIEW/REACTION),https://youtube.com/watch?v=ZKRS3jjalZo&pp=ygUv67iU656Z7ZWR7YGsIGFmdGVyOjIwMjMtMDYtMTQgYmVmb3JlOjIwMjMtMDgtMTQ%3D,2.6천회,1개월 전
174,블랙핑크 리사가 떠난다고? YG 재계약 불투명!! 안돼 ㅠㅠ #blackpink #lisa,https://youtube.com/watch?v=TQpANJTSqzM&pp=ygUv67iU656Z7ZWR7YGsIGFmdGVyOjIwMjMtMDYtMTQgYmVmb3JlOjIwMjMtMDgtMTQ%3D,1만회,1개월 전
175,"[속보] BTS 뷔, 블랙핑크 제니 결혼식!! 임신 3주차 ㄷㄷ",https://youtube.com/shorts/wDVFYKJ8Ti0,22만회,2개월 전
176,"영국 최대 축제 마저 점령한 블랙핑크 ""이런 떼창은 진짜 블랙핑크만 가능해""",https://youtube.com/watch?v=ltejGhPAVME&pp=ygUv67iU656Z7ZWR7YGsIGFmdGVyOjIwMjMtMDYtMTQgYmVmb3JlOjIwMjMtMDgtMTQ%3D,3.4천회,1개월 전
177,아이브 가을의 블랙핑크-Kill This Love 커버 (#박가을_탈퇴해),https://youtube.com/shorts/cO51PgdTVpE,9.3천회,1개월 전
178,BLACKPINK 블랙핑크 지수 (JISOO) ‘변함없는 팬사랑’ 출국 Departure | 인천공항 • 230810,https://youtube.com/watch?v=eMmL-xxiDA8&pp=ygUv67iU656Z7ZWR7YGsIGFmdGVyOjIwMjMtMDYtMTQgYmVmb3JlOjIwMjMtMDgtMTQ%3D,6.7천회,4일 전
179,"블랙핑크, 美 MTV 어워즈 '최고 안무상' 등 4개 부문 후보 / YTN",https://youtube.com/watch?v=0esYFtTUwMw&pp=ygUv67iU656Z7ZWR7YGsIGFmdGVyOjIwMjMtMDYtMTQgYmVmb3JlOjIwMjMtMDgtMTQ%3D,624회,4일 전
180,230731 블랙핑크 지수 입국 BLACKPINK Jisoo Airport Arrival,https://youtube.com/watch?v=zXFt-AugWSE&pp=ygUv67iU656Z7ZWR7YGsIGFmdGVyOjIwMjMtMDYtMTQgYmVmb3JlOjIwMjMtMDgtMTQ%3D,4.6천회,2주 전
181,"[문화연예 플러스] 블랙핑크 지수, 배우 안보현과 열애 (2023.08.04/뉴스투데이/MBC)",https://youtube.com/watch?v=83i8hAhLg8k&pp=ygUv67iU656Z7ZWR7YGsIGFmdGVyOjIwMjMtMDYtMTQgYmVmb3JlOjIwMjMtMDgtMTQ%3D,1.5만회,10일 전
182,"블랙핑크 '지수', 월드클래스 특급 미모🌸 (출국)✈️BLACKPINK 'JISOO' Airport Departure 23.7.11 #Newsen",https://youtube.com/watch?v=035JD2Rjops&pp=ygUv67iU656Z7ZWR7YGsIGFmdGVyOjIwMjMtMDYtMTQgYmVmb3JlOjIwMjMtMDgtMTQ%3D,4.7만회,1개월 전
183,230808 블랙핑크 로제 인스타 라이브 BLACKPINK Rosé Instagram Live,https://youtube.com/watch?v=AuAiS2CV9v4&pp=ygUv67iU656Z7ZWR7YGsIGFmdGVyOjIwMjMtMDYtMTQgYmVmb3JlOjIwMjMtMDgtMTQ%3D,17만회,6일 전
184,[LIVE]   BLACKPINK Departure - at  SGBAC 20230728,https://youtube.com/watch?v=QAie7r4BMhQ&pp=ygUv67iU656Z7ZWR7YGsIGFmdGVyOjIwMjMtMDYtMTQgYmVmb3JlOjIwMjMtMDgtMTQ%3D,15만회,스트리밍 시간: 2주 전
185,[I돌숨명] 블랙핑크(BLACKPINK) - See U Laterㅣ지수 진정성 진짜 미치겠다.. 너무 진심인데?,https://youtube.com/watch?v=mPXsrjIDOh4&pp=ygUv67iU656Z7ZWR7YGsIGFmdGVyOjIwMjMtMDYtMTQgYmVmb3JlOjIwMjMtMDgtMTQ%3D,828회,3주 전
186,'갈비뼈' 앙상하게 드러날 정도로 야위어 팬들 걱정하게 만든 '블랙핑크' 로제😨,https://youtube.com/shorts/MuDHuQl8t-A,38만회,3주 전
187,블랙핑크 지수 한국인 최초 전세계 연예인 파워랭킹 1위 등극?! #한류 #kpop #블랙핑크 #블랙핑크지수 #blackpink #디올 #dior #댓글반응 #해외반응,https://youtube.com/watch?v=2GHAvdcAGa0&pp=ygUv67iU656Z7ZWR7YGsIGFmdGVyOjIwMjMtMDYtMTQgYmVmb3JlOjIwMjMtMDgtMTQ%3D,3.8천회,1개월 전
188,"[D뉴스] ""열애설 상대는 누구?""…'재계약 불발설' 블랙핑크 리사 포착",https://youtube.com/watch?v=QdP3QfTJk7E&pp=ygUv67iU656Z7ZWR7YGsIGFmdGVyOjIwMjMtMDYtMTQgYmVmb3JlOjIwMjMtMDgtMTQ%3D,9.6천회,1개월 전
189,영국의 코첼라인 BST 페스티벌에서 VIP티켓으로 블랙핑크 본 브이로그🖤🎀 GRWM💄하이드파크  Blackpink 2023🇬🇧,https://youtube.com/watch?v=pJJHmhIn06w&pp=ygUv67iU656Z7ZWR7YGsIGFmdGVyOjIwMjMtMDYtMTQgYmVmb3JlOjIwMjMtMDgtMTQ%3D,10만회,1개월 전
190,[블랙핑크] 파워 T 인간 지수,https://youtube.com/shorts/Ui2l5EVILLA,1.6만회,1개월 전
191,"""블랙핑크 콘서트 안 가""…베트남 팬들 불매운동, 왜? / JTBC 상암동 클라스",https://youtube.com/watch?v=L7SC2ePQXSg&pp=ygUv67iU656Z7ZWR7YGsIGFmdGVyOjIwMjMtMDYtMTQgYmVmb3JlOjIwMjMtMDgtMTQ%3D,1만회,1개월 전
192,"대만 연예인들이 가장 어려워 하는 부탁 ""블랙핑크 티켓, 이다혜 사진, 서희제 사인""",https://youtube.com/watch?v=QZC4bU4S4Rs&pp=ygUv67iU656Z7ZWR7YGsIGFmdGVyOjIwMjMtMDYtMTQgYmVmb3JlOjIwMjMtMDgtMTQ%3D,5.4만회,1개월 전
193,블랙핑크 베트남 추가 공연 확정되자 미쳐버린 베트남 반응!!!,https://youtube.com/watch?v=IZky5LVb5DY&pp=ygUv67iU656Z7ZWR7YGsIGFmdGVyOjIwMjMtMDYtMTQgYmVmb3JlOjIwMjMtMDgtMTQ%3D,2.9만회,1개월 전
194,블랙핑크 리사 개인활동 시작 신호??,https://youtube.com/watch?v=raEFNFszAzk&pp=ygUv67iU656Z7ZWR7YGsIGFmdGVyOjIwMjMtMDYtMTQgYmVmb3JlOjIwMjMtMDgtMTQ%3D,2.2천회,1개월 전
195,블랙핑크 지수 남자친구,https://youtube.com/watch?v=3N2y8BQDRfw&pp=ygUv67iU656Z7ZWR7YGsIGFmdGVyOjIwMjMtMDYtMTQgYmVmb3JlOjIwMjMtMDgtMTQ%3D,8.5만회,11일 전
196,Red Velvet(레드벨벳) x TWICE(트와이스) x BLACKPINK(블랙핑크) 2배속 댄스 모음.zip l #2배속댄스 l 2xSpeedDance,https://youtube.com/watch?v=1lxXuIlIBMA&pp=ygUv67iU656Z7ZWR7YGsIGFmdGVyOjIwMjMtMDYtMTQgYmVmb3JlOjIwMjMtMDgtMTQ%3D,37만회,1개월 전
197,"[LIVE] 블랙핑크, ""하노이 공연 마치고 입국"" l BLACKPINK, ""SGBAC Arrival'"" [공항]",https://youtube.com/watch?v=RnXAovl3gqI&pp=ygUv67iU656Z7ZWR7YGsIGFmdGVyOjIwMjMtMDYtMTQgYmVmb3JlOjIwMjMtMDgtMTQ%3D,2.4만회,스트리밍 시간: 2주 전
198,"블랙핑크가 시드니 콘서트 끝나자마자 급하게 귀국한 이유...""K팝의 거물 블랙핑크가 귀를 찢는 쇼로 시드니를 강타했다""",https://youtube.com/watch?v=ZL_Vby_Gyis&pp=ygUv67iU656Z7ZWR7YGsIGFmdGVyOjIwMjMtMDYtMTQgYmVmb3JlOjIwMjMtMDgtMTQ%3D,3.3만회,1개월 전
199,"게임 끝난 피프티..""그래서 위약금이 얼마라구요?"" 더 이상 이름 못 써",https://youtube.com/watch?v=L6Dzyq37gfw&pp=ygUv67iU656Z7ZWR7YGsIGFmdGVyOjIwMjMtMDYtMTQgYmVmb3JlOjIwMjMtMDgtMTQ%3D,91만회,2주 전
200,Blackpink @ Stade de France in Paris - Kick it | Fancam,https://youtube.com/watch?v=jgnMH77mbQc&pp=ygUv67iU656Z7ZWR7YGsIGFmdGVyOjIwMjMtMDYtMTQgYmVmb3JlOjIwMjMtMDgtMTQ%3D,11만회,4주 전
201,7살 딸이 블랙핑크 따라 부르자 헛웃음 치는 아빠? 블랙핑크 해외반응 블랙핑크 코첼라 무대,https://youtube.com/watch?v=uQ6oryBSnow&pp=ygUv67iU656Z7ZWR7YGsIGFmdGVyOjIwMjMtMDYtMTQgYmVmb3JlOjIwMjMtMDgtMTQ%3D,9.3천회,3주 전
202,'K팝 걸그룹 역사' 블랙핑크의 7주년…재계약 향배는? / 연합뉴스TV (YonhapnewsTV),https://youtube.com/watch?v=c1Hwxr3CmEo&pp=ygUv67iU656Z7ZWR7YGsIGFmdGVyOjIwMjMtMDYtMTQgYmVmb3JlOjIwMjMtMDgtMTQ%3D,810회,6일 전
203,"[단독] 지수❤️안보현, 공식커플 탄생…""우린 지금, 알아가는 과정"" (ENG SUB)",https://youtube.com/watch?v=cUaaWe5YdwM&pp=ygUv67iU656Z7ZWR7YGsIGFmdGVyOjIwMjMtMDYtMTQgYmVmb3JlOjIwMjMtMDgtMTQ%3D,37만회,11일 전
204,"충격 / 안보현, 블랙핑크 지수 때문에 해어질 수도..",https://youtube.com/watch?v=Bj4wn4irn78&pp=ygUv67iU656Z7ZWR7YGsIGFmdGVyOjIwMjMtMDYtMTQgYmVmb3JlOjIwMjMtMDgtMTQ%3D,1.3천회,6일 전
205,"블랙핑크 지수 ♥ 배우 안보현, 접점이 없었던 그들이 만날 수 있는 이유는?",https://youtube.com/watch?v=M1JVpMt6uDE&pp=ygUv67iU656Z7ZWR7YGsIGFmdGVyOjIwMjMtMDYtMTQgYmVmb3JlOjIwMjMtMDgtMTQ%3D,1.9천회,9일 전
206,"K팝, 세계 최대 음악 축제 '접수'...""흥행 보증 수표"" / YTN",https://youtube.com/watch?v=DvXoqsyNE4Q&pp=ygUv67iU656Z7ZWR7YGsIGFmdGVyOjIwMjMtMDYtMTQgYmVmb3JlOjIwMjMtMDgtMTQ%3D,17만회,2일 전
207,Blackpink @ Stade de France in Paris - Lovesick girls | Fancam,https://youtube.com/watch?v=fXOQevLI5DQ&pp=ygUv67iU656Z7ZWR7YGsIGFmdGVyOjIwMjMtMDYtMTQgYmVmb3JlOjIwMjMtMDgtMTQ%3D,14만회,4주 전
208,BlackPink Playlist 2 Hours | 블랙핑크 플레이리스트,https://youtube.com/watch?v=jYIdRrqxgh4&pp=ygUv67iU656Z7ZWR7YGsIGFmdGVyOjIwMjMtMDYtMTQgYmVmb3JlOjIwMjMtMDgtMTQ%3D,21만회,1개월 전
209,[블랙핑크] 지수 복근 찰지게 때리는 제니,https://youtube.com/shorts/wu-vi-MJ9oM,1.7만회,1개월 전
210,[블랙핑크] 여전히 시크한 지수네 반려견 달곰이,https://youtube.com/shorts/NeXZvdSolTw,8.4천회,6일 전
211,블랙핑크 지수❤️안보현 공식 열애 인정,https://youtube.com/shorts/sEaSQiXU36o,10만회,11일 전
212,"요즘으로 치면 블랙핑크, ""혹시 제가 제니인가요?"" 쥬얼리 하주연의 당돌한 발언ㅋㅋ #근황TV살아있네!살아있어 EP.4 | tvN STORY 230720 방송",https://youtube.com/watch?v=3dr-ODOX5u0&pp=ygUv67iU656Z7ZWR7YGsIGFmdGVyOjIwMjMtMDYtMTQgYmVmb3JlOjIwMjMtMDgtMTQ%3D,1.3천회,3주 전
213,"블랙핑크, 8월에 YG앤터 전속계약 '만료' 로제의 과거 발언 재조명 #blackpink",https://youtube.com/watch?v=lp7GQeQJTOk&pp=ygUv67iU656Z7ZWR7YGsIGFmdGVyOjIwMjMtMDYtMTQgYmVmb3JlOjIwMjMtMDgtMTQ%3D,5.5천회,1개월 전
214,7주년을 맞이한 블랙핑크! “8주년을 맞이한다면 얼마나 더 소중할까”,https://youtube.com/watch?v=18LHe75eN6g&pp=ygUv67iU656Z7ZWR7YGsIGFmdGVyOjIwMjMtMDYtMTQgYmVmb3JlOjIwMjMtMDgtMTQ%3D,394회,5일 전
215,‘한국어’ 미국에선 제3의 언어…갈수록 높아지는 K팝 위상 | 뉴스A,https://youtube.com/watch?v=FMMTWKu1SkU&pp=ygUv67iU656Z7ZWR7YGsIGFmdGVyOjIwMjMtMDYtMTQgYmVmb3JlOjIwMjMtMDgtMTQ%3D,11만회,3주 전
216,[K-POP IN PUBLIC | ONE TAKE] BLACKPINK (블랙핑크) - 'FOREVER YOUNG' | Dance cover by QUARTZ,https://youtube.com/watch?v=4Bna7GTxmf0&pp=ygUv67iU656Z7ZWR7YGsIGFmdGVyOjIwMjMtMDYtMTQgYmVmb3JlOjIwMjMtMDgtMTQ%3D,3.4만회,1개월 전
217,[4K] 230702 하이드파크 블랙핑크 지수 Pretty Savage 직캠 BLACKPINK JISOO BST Hyde Park fancam @BST Hyde Park,https://youtube.com/watch?v=GPZUh7NlcUw&pp=ygUv67iU656Z7ZWR7YGsIGFmdGVyOjIwMjMtMDYtMTQgYmVmb3JlOjIwMjMtMDgtMTQ%3D,2.4만회,1개월 전
218,"대만반응| 한국을 언급하는 중국인 인터뷰에 더 흥분하는 대만인들, 한국을 신경쓸수밖에 없는 환경에서 사는 중국MZ세대. 유럽여행에서 중국인 취급받아 빡친 태국유튜버",https://youtube.com/watch?v=v27zxouHozw&pp=ygUv67iU656Z7ZWR7YGsIGFmdGVyOjIwMjMtMDYtMTQgYmVmb3JlOjIwMjMtMDgtMTQ%3D,13만회,12일 전
219,중국반응│해외에서 일어난 길거리인터뷰 굴욕│중국의 위대함을 보여주고 싶었던 중국인유튜버│하지만 돌아오는 답변은 모두 한국 BTS 블랙핑크│중국어로[路],https://youtube.com/watch?v=gysjVFf9UOw&pp=ygUv67iU656Z7ZWR7YGsIGFmdGVyOjIwMjMtMDYtMTQgYmVmb3JlOjIwMjMtMDgtMTQ%3D,78만회,2주 전
220,"블랙핑크, K팝 그룹 단일 뮤직비디오 신기록 [잇슈연예] / KBS  2023.08.01.",https://youtube.com/watch?v=SS44ldvp--Y&pp=ygUv67iU656Z7ZWR7YGsIGFmdGVyOjIwMjMtMDYtMTQgYmVmb3JlOjIwMjMtMDgtMTQ%3D,6.9천회,13일 전
221,"몸 사리던 양현석. 피프티피프티 사건 터지자 참다 못해 폭발한 이유 ""한국 가요계 현재 발칵 뒤집혔다""",https://youtube.com/watch?v=ttSDPhYgdU0&pp=ygUv67iU656Z7ZWR7YGsIGFmdGVyOjIwMjMtMDYtMTQgYmVmb3JlOjIwMjMtMDgtMTQ%3D,23만회,1개월 전
222,"[LIVE] 지수·로제(블랙핑크), ""인천국제공항 출국"" l JISOO·ROSÉ(BLACKPINK), ""ICN INT Airport Departure"" [공항]",https://youtube.com/watch?v=pZEtYrf_nxQ&pp=ygUv67iU656Z7ZWR7YGsIGFmdGVyOjIwMjMtMDYtMTQgYmVmb3JlOjIwMjMtMDgtMTQ%3D,2.4만회,스트리밍 시간: 4일 전
223,"[LIVE] 블랙핑크(BLACKPINK), 서울김포비지니스항공센터 출국✈️SGBAC Airport Departure 2023.7.28 #Newsen",https://youtube.com/watch?v=ZQXsXRfeWcQ&pp=ygUv67iU656Z7ZWR7YGsIGFmdGVyOjIwMjMtMDYtMTQgYmVmb3JlOjIwMjMtMDgtMTQ%3D,6.1만회,스트리밍 시간: 2주 전
224,블랙핑크 베트남 첫 상륙에 3만명 터진 함성! 블랙핑크 코첼라 콘서트 해외반응 blackpinkvietnam,https://youtube.com/watch?v=fVeS9lpJRyo&pp=ygUv67iU656Z7ZWR7YGsIGFmdGVyOjIwMjMtMDYtMTQgYmVmb3JlOjIwMjMtMDgtMTQ%3D,1.1천회,8일 전
225,[자막뉴스] 다낭 콘서트 취소되나?...곤란한 상황 처한 블랙핑크 / KBS 2023.7.12.,https://youtube.com/watch?v=QP7CXLE0MiM&pp=ygUv67iU656Z7ZWR7YGsIGFmdGVyOjIwMjMtMDYtMTQgYmVmb3JlOjIwMjMtMDgtMTQ%3D,7.6천회,1개월 전
226,"블랙핑크 불매에서 중국 드라마 퇴출까지…베트남, ‘구단선’ 검열 강화 / KBS  2023.07.11.",https://youtube.com/watch?v=2b9cBb1M06Y&pp=ygUv67iU656Z7ZWR7YGsIGFmdGVyOjIwMjMtMDYtMTQgYmVmb3JlOjIwMjMtMDgtMTQ%3D,5.6만회,1개월 전
227,"4K 230811 Blackpink intro, entrance, ‘Pink Venom’ Born Pink Encore MetLife1 NJ NY 블랙핑크",https://youtube.com/watch?v=Xq9QPk_LqN0&pp=ygUv67iU656Z7ZWR7YGsIGFmdGVyOjIwMjMtMDYtMTQgYmVmb3JlOjIwMjMtMDgtMTQ%3D,3.1만회,2일 전
228,[블링크 브이로그] EP.8 | BST 하이드파크 블핑보러 런던까지 갔.단.다,https://youtube.com/watch?v=vZd0hHgcYDg&pp=ygUv67iU656Z7ZWR7YGsIGFmdGVyOjIwMjMtMDYtMTQgYmVmb3JlOjIwMjMtMDgtMTQ%3D,5.7천회,3주 전
229,"[씬속뉴스] 블랙핑크 리사, 루이비통 회장 아들과 '열애설'에 '재계약 불발설'까지..아이돌 '마의 7년' 무사히 넘길까?/ 연합뉴스TV (YonhapnewsTV)",https://youtube.com/watch?v=NuGhwx1yM6A&pp=ygUv67iU656Z7ZWR7YGsIGFmdGVyOjIwMjMtMDYtMTQgYmVmb3JlOjIwMjMtMDgtMTQ%3D,9.1천회,1개월 전
230,"디올의 공주, 블랙핑크 지수가이번 파리 패션쇼에 불참한 이유",https://youtube.com/watch?v=4xVB8ZVej6M&pp=ygUv67iU656Z7ZWR7YGsIGFmdGVyOjIwMjMtMDYtMTQgYmVmb3JlOjIwMjMtMDgtMTQ%3D,3.7천회,1개월 전
231,블랙핑크 보컬 순위 | Ranking Blackpink in vocals,https://youtube.com/shorts/JYjcE6tML0g,62만회,2주 전
232,"블랙핑크 리사, 으악! 늦었어요 'RUN RUN Queen LISA❤' (출국)✈️BLACKPINK 'LISA' ICN Airport Departure 23.6.29 #Newsen",https://youtube.com/watch?v=yvOLJcpyy9U&pp=ygUv67iU656Z7ZWR7YGsIGFmdGVyOjIwMjMtMDYtMTQgYmVmb3JlOjIwMjMtMDgtMTQ%3D,5.3만회,1개월 전
233,블랙핑크 따라 만든 일본판 블랙핑크??,https://youtube.com/shorts/_3MtnvQzq-Y,48만회,1개월 전
234,美 'MTV 비디오 뮤직 어워즈' 4개 부문 후보 블랙핑크! 리사 'MONEY' 스포티파이 9억 스트리밍 돌파 '또 K팝 최초 기록' 수립 #blackpink #lisa,https://youtube.com/watch?v=dxWJQALJ6vg&pp=ygUv67iU656Z7ZWR7YGsIGFmdGVyOjIwMjMtMDYtMTQgYmVmb3JlOjIwMjMtMDgtMTQ%3D,2.4천회,3일 전
235,Met Gala vlog,https://youtube.com/watch?v=67BcmY40gfA&pp=ygUv67iU656Z7ZWR7YGsIGFmdGVyOjIwMjMtMDYtMTQgYmVmb3JlOjIwMjMtMDgtMTQ%3D,208만회,1개월 전
236,"블랙핑크, 베트남 공연 추가 개최 ""최대 스타디움 입성"" #blackpink",https://youtube.com/watch?v=A2aG53KxzRw&pp=ygUv67iU656Z7ZWR7YGsIGFmdGVyOjIwMjMtMDYtMTQgYmVmb3JlOjIwMjMtMDgtMTQ%3D,1.9천회,1개월 전
237,[KPOP IN PUBLIC CHALLENGE] BLACKPINK (블랙 핑크) - PRETTY SAVAGE | Dance Cover by Haelium Nation,https://youtube.com/watch?v=d1-Svklw9jE&pp=ygUv67iU656Z7ZWR7YGsIGFmdGVyOjIwMjMtMDYtMTQgYmVmb3JlOjIwMjMtMDgtMTQ%3D,12만회,1개월 전
238,"블랙핑크 베트남 공연, '13곡에 53만원' 논란?/ YTN star",https://youtube.com/watch?v=u_fqDsrk4g4&pp=ygUv67iU656Z7ZWR7YGsIGFmdGVyOjIwMjMtMDYtMTQgYmVmb3JlOjIwMjMtMDgtMTQ%3D,1.5만회,1개월 전
239,블랙핑크 - 핑크배놈 라이브 퍼포먼스(프랑스 자선행사) 'BLACKPINK - PINK VENOM’ LIVE PERFORMANCE 리액션x한글자막x해외반응!,https://youtube.com/watch?v=iGI5uMblLjw&pp=ygUv67iU656Z7ZWR7YGsIGFmdGVyOjIwMjMtMDYtMTQgYmVmb3JlOjIwMjMtMDgtMTQ%3D,2.9만회,1개월 전
240,제니가 미국드라마 촬영도중 뷔와 헤어졌다는 빼박 증거모음,https://youtube.com/watch?v=DlcJgJtzmMc&pp=ygUv67iU656Z7ZWR7YGsIGFmdGVyOjIwMjMtMDYtMTQgYmVmb3JlOjIwMjMtMDgtMTQ%3D,14만회,1개월 전
241,"""고가 티켓에 달랑 14곡?""…블랙핑크, 세트리스트 논란 / SBS / 굿모닝연예",https://youtube.com/watch?v=AhhJ5dfddmw&pp=ygUv67iU656Z7ZWR7YGsIGFmdGVyOjIwMjMtMDYtMTQgYmVmb3JlOjIwMjMtMDgtMTQ%3D,7.5천회,1개월 전
242,"박진영도 이제 포기했나봄..ㄷㄷ 한때 잘나가던 있지, 최근 JYP에서 개무시 당하고있는 진짜 이유",https://youtube.com/watch?v=-OE_3TBHUY8&pp=ygUv67iU656Z7ZWR7YGsIGFmdGVyOjIwMjMtMDYtMTQgYmVmb3JlOjIwMjMtMDgtMTQ%3D,53만회,3주 전
243,"블랙핑크 로제 (BLACKPINK ROSÉ) , 미국으로 콘서트 떠나는 여유로움",https://youtube.com/watch?v=aqhptnRNKfI&pp=ygUv67iU656Z7ZWR7YGsIGFmdGVyOjIwMjMtMDYtMTQgYmVmb3JlOjIwMjMtMDgtMTQ%3D,1.5천회,4일 전
244,'7년이 지나도 변함없는 매력' 블랙핑크 지수 공항패션 (출국) #BLACKPINK #JISOO #Newsen,https://youtube.com/watch?v=lR839d6jJpg&pp=ygUv67iU656Z7ZWR7YGsIGFmdGVyOjIwMjMtMDYtMTQgYmVmb3JlOjIwMjMtMDgtMTQ%3D,3.1천회,3일 전
245,블랙핑크 지수 ♥ 안보현,https://youtube.com/watch?v=KGPAeCJa9ns&pp=ygUv67iU656Z7ZWR7YGsIGFmdGVyOjIwMjMtMDYtMTQgYmVmb3JlOjIwMjMtMDgtMTQ%3D,1.1만회,11일 전
246,블랙핑크 재계약 열애설 현재 상황,https://youtube.com/watch?v=JATf5oSNdHs&pp=ygUv67iU656Z7ZWR7YGsIGFmdGVyOjIwMjMtMDYtMTQgYmVmb3JlOjIwMjMtMDgtMTQ%3D,2.2천회,3주 전
247,Blackpink @ BST Hyde Park - 프리티 ​​새비지 | 직캠,https://youtube.com/watch?v=vLOUiICmko4&pp=ygUv67iU656Z7ZWR7YGsIGFmdGVyOjIwMjMtMDYtMTQgYmVmb3JlOjIwMjMtMDgtMTQ%3D,53만회,1개월 전
248,"블랙핑크 제니, 재계약 후 ‘솔로’ 컴백하나…신곡 협회에 등록 완료 #blackpink #jennie",https://youtube.com/watch?v=fEhcn7KxDcQ&pp=ygUv67iU656Z7ZWR7YGsIGFmdGVyOjIwMjMtMDYtMTQgYmVmb3JlOjIwMjMtMDgtMTQ%3D,1.6천회,3일 전
249,YG잔류·더블랙행·각자도생? 블랙핑크(BLACKPINK) 재계약 둘러싼 3가지 시나리오,https://youtube.com/watch?v=JhSBXxgCTa4&pp=ygUv67iU656Z7ZWR7YGsIGFmdGVyOjIwMjMtMDYtMTQgYmVmb3JlOjIwMjMtMDgtMTQ%3D,1.2천회,1개월 전
250,블랙핑크 리사가 태국에서 신적인 존재가 된 이유,https://youtube.com/shorts/hRa77coo8J0,694만회,1개월 전
251,4K 230811 Blackpink encore ‘As if it’s Your Last’ & fireworks Born Pink Encore MetLife1 NJ NY 블랙핑크,https://youtube.com/watch?v=tzIf10a6UIU&pp=ygUv67iU656Z7ZWR7YGsIGFmdGVyOjIwMjMtMDYtMTQgYmVmb3JlOjIwMjMtMDgtMTQ%3D,1.2만회,1일 전
252,붐바야 (BOOMBAYAH) (Live) - BLACKPINK - BST Hyde Park 2023-07-02,https://youtube.com/watch?v=qZyG5YSM1hU&pp=ygUv67iU656Z7ZWR7YGsIGFmdGVyOjIwMjMtMDYtMTQgYmVmb3JlOjIwMjMtMDgtMTQ%3D,14만회,1개월 전
253,남사친과 여행? 블랙핑크 지수 반응ㅋㅋㅋ #shorts #blackpink,https://youtube.com/shorts/iHu6NyNQ71o,6만회,1개월 전
254,베니의 ‘Ice Cream’ - BLACKPINK(블랙핑크 with Selena Gomez) cover by Benny the Cat #shorts,https://youtube.com/shorts/K32MV514-PU,28만회,6일 전
255,230811 Blackpink at MetLife  Soundcheck / Bornpink World Tour in New Jersey #블랙핑크,https://youtube.com/watch?v=7arXsFjxRTE&pp=ygUv67iU656Z7ZWR7YGsIGFmdGVyOjIwMjMtMDYtMTQgYmVmb3JlOjIwMjMtMDgtMTQ%3D,1.7천회,2일 전
256,"미국CNN 영국BBC 블랙핑크 지수열애보도에 완전 뒤집어진 전세계반응, 미국 CNN,""K팝계에서 보기 힘든 이례적인 일..""",https://youtube.com/watch?v=xTLFr6Pq4U4&pp=ygUv67iU656Z7ZWR7YGsIGFmdGVyOjIwMjMtMDYtMTQgYmVmb3JlOjIwMjMtMDgtMTQ%3D,1.6천회,7일 전
257,블랙핑크 리사가 놀라운 허리로 온라인에서 열풍을 일으켰다,https://youtube.com/watch?v=AmfX4Aq746g&pp=ygUv67iU656Z7ZWR7YGsIGFmdGVyOjIwMjMtMDYtMTQgYmVmb3JlOjIwMjMtMDgtMTQ%3D,2.5천회,2주 전
258,걸그룹 브랜드평판 순위 TOP5💃 #블랙핑크 #뉴진스#아이브 #에스파,https://youtube.com/shorts/nT8-7q4yEc0,3.3천회,4주 전
259,"[LIVE] 블랙핑크 '로제·리사', 인천공항 입국✈️BLACKPINK 'ROSÉ·LISA' ICN Airport Arrival 23.7.19 #Newsen",https://youtube.com/watch?v=KWnmDfKOwB4&pp=ygUv67iU656Z7ZWR7YGsIGFmdGVyOjIwMjMtMDYtMTQgYmVmb3JlOjIwMjMtMDgtMTQ%3D,5.4만회,스트리밍 시간: 3주 전
260,[4K] 230702 하이드파크 블랙핑크 지수 BOOMBAYAH 직캠 BLACKPINK JISOO BST Hyde Park fancam @BST Hyde Park,https://youtube.com/watch?v=kl9AXZPJFh0&pp=ygUv67iU656Z7ZWR7YGsIGFmdGVyOjIwMjMtMDYtMTQgYmVmb3JlOjIwMjMtMDgtMTQ%3D,2만회,1개월 전
261,블랙핑크 지수 아시아인 최초 보그프랑스 표지모델 선정 극심한 프랑스 패션 인종차별을 깨부수다,https://youtube.com/watch?v=9leeKhzwxQI&pp=ygUv67iU656Z7ZWR7YGsIGFmdGVyOjIwMjMtMDYtMTQgYmVmb3JlOjIwMjMtMDgtMTQ%3D,421회,6일 전
262,"[LIVE] 블랙핑크 '제니', 인천공항 출국✈️BLACKPINK 'JENNIE' Airport Departure 23.8.10 #Newsen",https://youtube.com/watch?v=HmlIHNHA9tQ&pp=ygUv67iU656Z7ZWR7YGsIGFmdGVyOjIwMjMtMDYtMTQgYmVmb3JlOjIwMjMtMDgtMTQ%3D,3.6만회,스트리밍 시간: 4일 전
263,BLACKPINK - ‘B.P.M.’ Roll #28,https://youtube.com/watch?v=c-SMz9hiWZY&pp=ygUv67iU656Z7ZWR7YGsIGFmdGVyOjIwMjMtMDYtMTQgYmVmb3JlOjIwMjMtMDgtMTQ%3D,154만회,3주 전
264,레진아트 | BLACKPINK (블랙핑크) 'Pink Venom' #resinart  #UV레진 #shorts,https://youtube.com/shorts/abP9uIbNxq8,10만회,1개월 전
265,"블랙핑크 지수·정해인, 새 프로젝트서 호흡",https://youtube.com/watch?v=wlZf0BzE98U&pp=ygUv67iU656Z7ZWR7YGsIGFmdGVyOjIwMjMtMDYtMTQgYmVmb3JlOjIwMjMtMDgtMTQ%3D,1.6천회,3주 전
266,개념없는 중국 아이돌 참교육하는 정형돈,https://youtube.com/watch?v=MO2eTBwXajc&pp=ygUv67iU656Z7ZWR7YGsIGFmdGVyOjIwMjMtMDYtMTQgYmVmb3JlOjIwMjMtMDgtMTQ%3D,150만회,1개월 전
267,[대만 방송]대만 패널이 이야기하는 미국 내 한류의 위력,https://youtube.com/watch?v=on5n0gk_6BY&pp=ygUv67iU656Z7ZWR7YGsIGFmdGVyOjIwMjMtMDYtMTQgYmVmb3JlOjIwMjMtMDgtMTQ%3D,9.1만회,2주 전
268,"""제발 컴백 부탁드릴게요ㅠㅠㅠ"" 블랙핑크(BLACKPINK) 미니1,2집 리뷰",https://youtube.com/watch?v=hk7XDLIvmVk&pp=ygUv67iU656Z7ZWR7YGsIGFmdGVyOjIwMjMtMDYtMTQgYmVmb3JlOjIwMjMtMDgtMTQ%3D,1.5천회,6일 전
269,"[풀영상] 블랙핑크 지수.안보현.아이유.임윤아.한지민.정해인…💋'밀수' VIP시사회 빛낸 스타들 (Smugglers VIP Premiere) JISOO, Ahn Bo-hyun",https://youtube.com/watch?v=GmO2mLK81IM&pp=ygUv67iU656Z7ZWR7YGsIGFmdGVyOjIwMjMtMDYtMTQgYmVmb3JlOjIwMjMtMDgtMTQ%3D,9만회,3주 전
270,"맨시티 홀란드, 블랙핑크 지수누나와 깜짝 인증샷!",https://youtube.com/watch?v=wbUAgCXI4g0&pp=ygUv67iU656Z7ZWR7YGsIGFmdGVyOjIwMjMtMDYtMTQgYmVmb3JlOjIwMjMtMDgtMTQ%3D,9.3천회,2주 전
271,"블랙핑크 리사, 베트남 본핑크서 신명나는 무대 휘젓다",https://youtube.com/watch?v=B5c6Xib4umA&pp=ygUv67iU656Z7ZWR7YGsIGFmdGVyOjIwMjMtMDYtMTQgYmVmb3JlOjIwMjMtMDgtMTQ%3D,2.3천회,2주 전
272,"블랙핑크 (BLACKPINK) 파리, 스타드드프랑스 공연 (댄스 챌린지 영상 포함)",https://youtube.com/watch?v=5a9qpjZD1aE&pp=ygUv67iU656Z7ZWR7YGsIGFmdGVyOjIwMjMtMDYtMTQgYmVmb3JlOjIwMjMtMDgtMTQ%3D,5.3천회,3주 전
273,블랙핑크 리사가 태국에서 신으로 불리는 이유,https://youtube.com/shorts/W5tL5ZmR3Rs,137만회,1개월 전
274,현재 리사의 패션쇼 복장에 중국 네티즌들이 분노중인 이유 (사이다주의ㅋㅋ),https://youtube.com/watch?v=Y9JshDPEYMo&pp=ygUv67iU656Z7ZWR7YGsIGFmdGVyOjIwMjMtMDYtMTQgYmVmb3JlOjIwMjMtMDgtMTQ%3D,3.5만회,1개월 전
275,BLACKPINK [BORN PINK TOUR: ENCORE] - BOOMBAYAH + Lovesick Girls + PLAYING WITH FIRE | MetLife Day 2,https://youtube.com/watch?v=U9GCTDR4Au8&pp=ygUv67iU656Z7ZWR7YGsIGFmdGVyOjIwMjMtMDYtMTQgYmVmb3JlOjIwMjMtMDgtMTQ%3D,10만회,1일 전
276,"블랙핑크 베트남 공연 직찍 영상 모음 : BORN PINK, Hanoi, Vietnam Stage",https://youtube.com/watch?v=5w406r7R9Zc&pp=ygUv67iU656Z7ZWR7YGsIGFmdGVyOjIwMjMtMDYtMTQgYmVmb3JlOjIwMjMtMDgtMTQ%3D,2.6천회,2주 전
277,러블리 페이스에 아찔한 뒷태까지 완.벽. #블랙핑크 #리사 #Newsen,https://youtube.com/shorts/nE-36H34FYk,8.1천회,1개월 전
278,Blackpink @ Stade de France in Paris - Whistle | Fancam,https://youtube.com/watch?v=uYi9a4IRN-o&pp=ygUv67iU656Z7ZWR7YGsIGFmdGVyOjIwMjMtMDYtMTQgYmVmb3JlOjIwMjMtMDgtMTQ%3D,15만회,4주 전
279,블랙핑크 리사 (BLACKPINK lisa) 우아한 자태 (불가리 포토월),https://youtube.com/watch?v=cg8QGXtUOnk&pp=ygUv67iU656Z7ZWR7YGsIGFmdGVyOjIwMjMtMDYtMTQgYmVmb3JlOjIwMjMtMDgtMTQ%3D,1.1만회,1개월 전
280,[블랙핑크] 엉망진창 인형 소개 ㅋㅋㅋ,https://youtube.com/shorts/JnaU2spKW_s,3.2천회,5일 전
281,지니핑크&보니블랙 탕후루 만들기 챌린지 Tanghulu challenge,https://youtube.com/watch?v=AsnT4TnBwMs&pp=ygUv67iU656Z7ZWR7YGsIGFmdGVyOjIwMjMtMDYtMTQgYmVmb3JlOjIwMjMtMDgtMTQ%3D,22만회,1개월 전
282,＂역시 유튜브 퀸 아니랄까 봐＂ 블랙핑크 '셧다운' 뮤비 4억 돌파했다 外 | 이슈픽,https://youtube.com/watch?v=L38saVKGIDY&pp=ygUv67iU656Z7ZWR7YGsIGFmdGVyOjIwMjMtMDYtMTQgYmVmb3JlOjIwMjMtMDgtMTQ%3D,490회,7시간 전
283,맨체스터 시티 엘링 홀란 선수가 한국 도착해서 한 일 / 현지 기자가 숙소 보고 놀랍다는 이유,https://youtube.com/watch?v=XBJBqcoaKik&pp=ygUv67iU656Z7ZWR7YGsIGFmdGVyOjIwMjMtMDYtMTQgYmVmb3JlOjIwMjMtMDgtMTQ%3D,66만회,2주 전
284,블랙핑크 전동 캐리어 에어휠 전동 캐리어 여행가방 20인치 SE3S,https://youtube.com/shorts/77sb5uUvvnU,6.2천회,1개월 전
285,"BLACKPINK 블랙핑크 전용기 입국 (팬들을 반기는 지수,제니,로제,리사) Arrival | SGBAC • 230618",https://youtube.com/watch?v=GBEwi4wZiSQ&pp=ygUv67iU656Z7ZWR7YGsIGFmdGVyOjIwMjMtMDYtMTQgYmVmb3JlOjIwMjMtMDgtMTQ%3D,1.8만회,1개월 전
286,"블랙핑크 지수, 오징어 게임2 참여?! ""아니 진짜 지수가 나온다고요?ㄷㄷ""",https://youtube.com/watch?v=FcW2ZtqeM08&pp=ygUv67iU656Z7ZWR7YGsIGFmdGVyOjIwMjMtMDYtMTQgYmVmb3JlOjIwMjMtMDgtMTQ%3D,1.4천회,1개월 전
287,STAY (BLACKPINK/블랙핑크) - 아카네 리제,https://youtube.com/watch?v=lfSi1aaHt7I&pp=ygUv67iU656Z7ZWR7YGsIGFmdGVyOjIwMjMtMDYtMTQgYmVmb3JlOjIwMjMtMDgtMTQ%3D,3.9천회,1개월 전
288,"블랙핑크, 전세계 아티스트 ""최초"" 유튜브 구독자 9천만명 돌파ㄷㄷ",https://youtube.com/watch?v=WPpihN7lMX0&pp=ygUv67iU656Z7ZWR7YGsIGFmdGVyOjIwMjMtMDYtMTQgYmVmb3JlOjIwMjMtMDgtMTQ%3D,2.7천회,3주 전
289,Blackpink @ Stade de France in Paris - Soundcheck | Fancam,https://youtube.com/watch?v=I3CKhCf2nYQ&pp=ygUv67iU656Z7ZWR7YGsIGFmdGVyOjIwMjMtMDYtMTQgYmVmb3JlOjIwMjMtMDgtMTQ%3D,25만회,4주 전
290,230618 블랙핑크 리사 BLACKPINK LISA 아이들콘서트 끝나고 브루노마스콘서트 보러가는길 직캠,https://youtube.com/watch?v=ZZh1Y7OArgw&pp=ygUv67iU656Z7ZWR7YGsIGFmdGVyOjIwMjMtMDYtMTQgYmVmb3JlOjIwMjMtMDgtMTQ%3D,2.3만회,1개월 전
291,[종이접기 미니카] 아이돌 시리즈 블랙핑크 슈퍼 모드 !  minicar super blackpink,https://youtube.com/watch?v=NHt_-f_s1VY&pp=ygUv67iU656Z7ZWR7YGsIGFmdGVyOjIwMjMtMDYtMTQgYmVmb3JlOjIwMjMtMDgtMTQ%3D,7.3천회,1개월 전
292,베니의 BLACKPINK(블랙핑크) - ‘How You Like That’ cover by Benny the Cat #shorts,https://youtube.com/shorts/1QqdDbP8lbc,254만회,1개월 전
293,방시혁이 소속사 대표 통수친 피프티피프티에게 날린 일침 (사이다주의),https://youtube.com/watch?v=nHTFD5KQAcs&pp=ygUv67iU656Z7ZWR7YGsIGFmdGVyOjIwMjMtMDYtMTQgYmVmb3JlOjIwMjMtMDgtMTQ%3D,110만회,1개월 전
294,"BlackPink Concert Dance Challenge,Party with Blackpink,Metlife Stadium ,New Jersey,블랙핑크,댄스 챌렌지,2023",https://youtube.com/watch?v=SJzThrikklI&pp=ygUv67iU656Z7ZWR7YGsIGFmdGVyOjIwMjMtMDYtMTQgYmVmb3JlOjIwMjMtMDgtMTQ%3D,6.6천회,2일 전
295,4K 230811 Blackpink ‘Whistle’ Born Pink Encore MetLife1 NJ NY 블랙핑크,https://youtube.com/watch?v=grXp0lWq710&pp=ygUv67iU656Z7ZWR7YGsIGFmdGVyOjIwMjMtMDYtMTQgYmVmb3JlOjIwMjMtMDgtMTQ%3D,1.6만회,2일 전
296,용찬우 : 우울증 이야기 하는 송민호 패버리고 싶다,https://youtube.com/watch?v=s1fs-q_y_sg&pp=ygUv67iU656Z7ZWR7YGsIGFmdGVyOjIwMjMtMDYtMTQgYmVmb3JlOjIwMjMtMDgtMTQ%3D,12만회,5일 전
297,230702 BLACKPINK JENNIE 제니 직캠 - Typa Girl @BST Hyde Park,https://youtube.com/watch?v=5jkwDjkPbL0&pp=ygUv67iU656Z7ZWR7YGsIGFmdGVyOjIwMjMtMDYtMTQgYmVmb3JlOjIwMjMtMDgtMTQ%3D,2.9만회,1개월 전
298,"[풀버전] 블랙핑크 '지수·제니·로제', 비주얼 뽐내며 월드투어 파리 출국✈️BLACKPINK 'JISOO·JENNIE·ROSÉ' Airport Departure #Newsen",https://youtube.com/watch?v=1LEjQ4dpVC4&pp=ygUv67iU656Z7ZWR7YGsIGFmdGVyOjIwMjMtMDYtMTQgYmVmb3JlOjIwMjMtMDgtMTQ%3D,2.7만회,1개월 전
299,잼버리 돌려막기... kpop 업계가 분노하는 이유,https://youtube.com/watch?v=D8V-ZbbHs0Y&pp=ygUv67iU656Z7ZWR7YGsIGFmdGVyOjIwMjMtMDYtMTQgYmVmb3JlOjIwMjMtMDgtMTQ%3D,10만회,4일 전
300,"블랙핑크 리사, 루이비통 회장 아들과 데이트? 파리서 찍힌 이 사진 外 | 이슈픽",https://youtube.com/watch?v=HXgTL5De_Q4&pp=ygUv67iU656Z7ZWR7YGsIGFmdGVyOjIwMjMtMDYtMTQgYmVmb3JlOjIwMjMtMDgtMTQ%3D,3.1천회,1개월 전
301,블랙핑크 지수 안보현 열애 궁합 ｜연예인 타로 리딩 공부,https://youtube.com/watch?v=XPSGjcEzCAA&pp=ygUv67iU656Z7ZWR7YGsIGFmdGVyOjIwMjMtMDYtMTQgYmVmb3JlOjIwMjMtMDgtMTQ%3D,1.8천회,10일 전
302,"블랙핑크, K-pop 아티스트 최초로 영국 최대 축제 헤드라이너 무대 공개",https://youtube.com/watch?v=stMcLglvfaU&pp=ygUv67iU656Z7ZWR7YGsIGFmdGVyOjIwMjMtMDYtMTQgYmVmb3JlOjIwMjMtMDgtMTQ%3D,1.4만회,1개월 전
303,종이로 만든 블랙핑크 오레오 언박싱! 포카는 덤♡ #무료도안,https://youtube.com/shorts/_C-ssGOTBC4,371만회,1개월 전
304,"보은,선유가 부르는 블랙핑크의 'STAY' (클라씨)",https://youtube.com/watch?v=pOqkkUwc3XE&pp=ygUv67iU656Z7ZWR7YGsIGFmdGVyOjIwMjMtMDYtMTQgYmVmb3JlOjIwMjMtMDgtMTQ%3D,3.4만회,1개월 전
305,블랙핑크 로제가 내 앞에💕 브루노마스 공연에서,https://youtube.com/shorts/23UY0PXHhpE,37만회,1개월 전
306,Blackpink @ Stade de France in Paris - Typa girl | Fancam,https://youtube.com/watch?v=57kg7nG51-Y&pp=ygUv67iU656Z7ZWR7YGsIGFmdGVyOjIwMjMtMDYtMTQgYmVmb3JlOjIwMjMtMDgtMTQ%3D,33만회,4주 전
307,대만 야시장에서 파는 블랙핑크 치킨#shorts,https://youtube.com/shorts/qSpqGxH9ntA,6.9만회,1개월 전
308,"블랙핑크 제니, 천재급 라면 먹방 화제!",https://youtube.com/shorts/QvhGgkIdmQg,163만회,2주 전
309,이경규 어머니 빈소를 겁없이 찾아온 강호동과 이영자...이경규가 이들을 막아선 이유,https://youtube.com/watch?v=hcn0fthUdDM&pp=ygUv67iU656Z7ZWR7YGsIGFmdGVyOjIwMjMtMDYtMTQgYmVmb3JlOjIwMjMtMDgtMTQ%3D,385만회,1개월 전
310,4K 230811 Blackpink ‘Shut Down’ Born Pink Encore MetLife1 NJ NY 블랙핑크,https://youtube.com/watch?v=tIJKDZ7b45M&pp=ygUv67iU656Z7ZWR7YGsIGFmdGVyOjIwMjMtMDYtMTQgYmVmb3JlOjIwMjMtMDgtMTQ%3D,6.1천회,1일 전
311,[Summer K-AMP] Blackpink(블랙핑크) - BLACKPINK IN YOUR AREA Remix | Mood Dok Choreography,https://youtube.com/watch?v=NiPEDTLS4DY&pp=ygUv67iU656Z7ZWR7YGsIGFmdGVyOjIwMjMtMDYtMTQgYmVmb3JlOjIwMjMtMDgtMTQ%3D,3.9천회,7일 전
312,Director Reacts - 블랙핑크 - 'Pink Venom' MV,https://youtube.com/watch?v=L8zsWb6gk60&pp=ygUv67iU656Z7ZWR7YGsIGFmdGVyOjIwMjMtMDYtMTQgYmVmb3JlOjIwMjMtMDgtMTQ%3D,9.1만회,2주 전
313,블랙핑크 4인 커버 메이크업,https://youtube.com/shorts/V6Qh6UI1AxY,6.7만회,1개월 전
314,일본인아내에게 블랙핑크 콘서트 VIP티켓을 사줬습니다..,https://youtube.com/shorts/UzUfjTacmXw,10만회,1개월 전
315,"BLACKPINK '블랙핑크' '뚜두뚜두 (DDU-DU DDU-DU)' 230715 4K Fancam at Stade de France, Paris BORN PINK encore",https://youtube.com/watch?v=Mfk-K-b0e6w&pp=ygUv67iU656Z7ZWR7YGsIGFmdGVyOjIwMjMtMDYtMTQgYmVmb3JlOjIwMjMtMDgtMTQ%3D,3.6만회,4주 전
316,"중국반응| BTS, 블랙핑크, 케이팝, 한국문화를 막은 한한령이 중국의 패착인 이유. 박재범은 되는데 한국국적 케이팝, 한류아이돌들은 중국에 못가는 진짜 이유",https://youtube.com/watch?v=gL9QPjKVThg&pp=ygUv67iU656Z7ZWR7YGsIGFmdGVyOjIwMjMtMDYtMTQgYmVmb3JlOjIwMjMtMDgtMTQ%3D,13만회,1개월 전
317,[TJ노래방 / MR Live] Pink Venom - 블랙핑크 / TJ Karaoke,https://youtube.com/watch?v=nCXfsJQ2Dws&pp=ygUv67iU656Z7ZWR7YGsIGFmdGVyOjIwMjMtMDYtMTQgYmVmb3JlOjIwMjMtMDgtMTQ%3D,3.8천회,1개월 전
318,YG 랜덤 플레이 댄스 l BLACKPINK(블랙핑크) l WINNER(위너) l #랜플댄원조맛ZIP l RandomPlayDance,https://youtube.com/watch?v=78g82eRxkCA&pp=ygUv67iU656Z7ZWR7YGsIGFmdGVyOjIwMjMtMDYtMTQgYmVmb3JlOjIwMjMtMDgtMTQ%3D,1.5만회,1개월 전
319,Blackpink @ BST Hyde Park - Lovesick Girls | Fancam,https://youtube.com/watch?v=mOJghrJLyz0&pp=ygUv67iU656Z7ZWR7YGsIGFmdGVyOjIwMjMtMDYtMTQgYmVmb3JlOjIwMjMtMDgtMTQ%3D,6.2만회,1개월 전
320,귀한 분이 왜 누추한 곳에.. 블랙핑크 제니 ≪마블 합류 루머≫ 총정리,https://youtube.com/watch?v=bZ4Lt0ljVfE&pp=ygUv67iU656Z7ZWR7YGsIGFmdGVyOjIwMjMtMDYtMTQgYmVmb3JlOjIwMjMtMDgtMTQ%3D,21만회,1개월 전
321,4K 230811 Blackpink ‘All Eyes on Me’ ‘Flower’ Jisoo solos Born Pink Encore MetLife1 NJ NY 블랙핑크 지수,https://youtube.com/watch?v=LQX4hXrpMOM&pp=ygUv67iU656Z7ZWR7YGsIGFmdGVyOjIwMjMtMDYtMTQgYmVmb3JlOjIwMjMtMDgtMTQ%3D,9.6천회,2일 전
322,(직캠) 블랙핑크 지수 💖 왜 이렇게 예쁘지? (BLACKPINK JISOO),https://youtube.com/shorts/eWmsDQ4nktQ,2.2만회,3주 전
323,베트남 블링크 뿔났다…남중국해 분쟁에 등 터지는 블랙핑크,https://youtube.com/watch?v=BmngPfDj0aM&pp=ygUv67iU656Z7ZWR7YGsIGFmdGVyOjIwMjMtMDYtMTQgYmVmb3JlOjIwMjMtMDgtMTQ%3D,1.5천회,1개월 전
324,"BLACKPINK '블랙핑크' 'HOW YOU LIKE THAT' 230715 4K Fancam at Stade de France, Paris BORN PINK encore",https://youtube.com/watch?v=zFeZvsatk10&pp=ygUv67iU656Z7ZWR7YGsIGFmdGVyOjIwMjMtMDYtMTQgYmVmb3JlOjIwMjMtMDgtMTQ%3D,8.9천회,4주 전
325,"블랙핑크 지수,  무더위 잠깐 잊게 하는 시원상큼 미모ㅣ영화 ‘밀수’VIP 시사회 포토월",https://youtube.com/watch?v=-RoNimQnHxI&pp=ygUv67iU656Z7ZWR7YGsIGFmdGVyOjIwMjMtMDYtMTQgYmVmb3JlOjIwMjMtMDgtMTQ%3D,2.4천회,3주 전
326,"블랙핑크 '로제·제니', 챙이 뒤에 슬금슬금 젠득이ㅋㅋ (입국)✈️BLACKPINK 'ROSÉ·JENNIE' ICN Airport Arrival 23.7.4 #Newsen",https://youtube.com/watch?v=fiPyStfhDHg&pp=ygUv67iU656Z7ZWR7YGsIGFmdGVyOjIwMjMtMDYtMTQgYmVmb3JlOjIwMjMtMDgtMTQ%3D,2만회,1개월 전
327,빵 대신 블랙핑크(BLACKPINK) 뜬다…블링크들이 편의점에 가는 이유,https://youtube.com/watch?v=jElzV6RC1J0&pp=ygUv67iU656Z7ZWR7YGsIGFmdGVyOjIwMjMtMDYtMTQgYmVmb3JlOjIwMjMtMDgtMTQ%3D,4.6천회,1개월 전
328,블랙핑크 @ BST 하이드파크 - 휘파람 | 직캠,https://youtube.com/watch?v=-bR0e8eoMpQ&pp=ygUv67iU656Z7ZWR7YGsIGFmdGVyOjIwMjMtMDYtMTQgYmVmb3JlOjIwMjMtMDgtMTQ%3D,16만회,1개월 전
329,[랜플댄] 지락이들이 말아주는 K-POP 댄스 모음💖 #highlight #뿅뿅지구오락실2 EP.11,https://youtube.com/watch?v=nmNQ7YO-DjM&pp=ygUv67iU656Z7ZWR7YGsIGFmdGVyOjIwMjMtMDYtMTQgYmVmb3JlOjIwMjMtMDgtMTQ%3D,97만회,3주 전
330,옷을 바꿔입은것 같은 블랙핑크 지수 제니 공항패션 #shorts,https://youtube.com/shorts/zL6kCetQu9c,36만회,3주 전
331,Blackpink @ Stade de France in Paris - Lisa Solo - Money | Fancam,https://youtube.com/watch?v=Sg-D2KmVh5Q&pp=ygUv67iU656Z7ZWR7YGsIGFmdGVyOjIwMjMtMDYtMTQgYmVmb3JlOjIwMjMtMDgtMTQ%3D,43만회,4주 전
332,[씬속뉴스] 블랙핑크 공개 연애 1호는 지수..재계약 앞둔 YG 신속 인정 '눈길' / 연합뉴스TV (YonhapnewsTV),https://youtube.com/watch?v=F6jFyjqrfHc&pp=ygUv67iU656Z7ZWR7YGsIGFmdGVyOjIwMjMtMDYtMTQgYmVmb3JlOjIwMjMtMDgtMTQ%3D,5.6만회,11일 전
333,알고보면 블랙핑크 데뷔조였던 걸그룹 미모 끝판왕 미연,https://youtube.com/shorts/y__-7yZA4kA,428만회,1개월 전
334,진짜 이건 못참지🖤 스타벅스 & 블랙핑크 디저트 먹방 ASMRㅣ초콜릿 케이크ㅣDessert Korea Starbucks Blackpink Cake Mukbang,https://youtube.com/watch?v=qpRNmJLlf9E&pp=ygUv67iU656Z7ZWR7YGsIGFmdGVyOjIwMjMtMDYtMTQgYmVmb3JlOjIwMjMtMDgtMTQ%3D,22만회,2주 전
335,"제니 실물 체감, 인간 샤넬인 이유 (BLACKPINK JENNIE)",https://youtube.com/shorts/V-q92n8IrH8,4.7만회,3일 전
336,"[LIVE] 블랙핑크 '지수·제니', 인천공항 입국✈️BLACKPINK 'JISOO·JENNIE' ICN Airport Arrival 23.7.17 #Newsen",https://youtube.com/watch?v=G0r4YRt_Bdo&pp=ygUv67iU656Z7ZWR7YGsIGFmdGVyOjIwMjMtMDYtMTQgYmVmb3JlOjIwMjMtMDgtMTQ%3D,3.1만회,스트리밍 시간: 4주 전
337,BLACKPINK '블랙핑크' Jennie 제니 'YOU AND ME' + 'SOLO' 230715 4K Fancam at Stade de France BORN PINK,https://youtube.com/watch?v=Un_0rcn4ZFQ&pp=ygUv67iU656Z7ZWR7YGsIGFmdGVyOjIwMjMtMDYtMTQgYmVmb3JlOjIwMjMtMDgtMTQ%3D,2.5만회,4주 전
338,[HotIssue] 블랙핑크 해체 가능성!,https://youtube.com/watch?v=ATBqy-3g9DI&pp=ygUv67iU656Z7ZWR7YGsIGFmdGVyOjIwMjMtMDYtMTQgYmVmb3JlOjIwMjMtMDgtMTQ%3D,949회,1개월 전
339,"[#퀸덤퍼즐/풀버전] ♬ Shut Down - RED QUEEN (리이나, 상아, 파이, 휘서)(원곡: 블랙핑크) @리믹스배틀 #QUEENDOMPUZZLE",https://youtube.com/watch?v=cGz_VswTlyI&pp=ygUv67iU656Z7ZWR7YGsIGFmdGVyOjIwMjMtMDYtMTQgYmVmb3JlOjIwMjMtMDgtMTQ%3D,13만회,1개월 전
340,"BLACKPINK '블랙핑크' 'FOREVER YOUNG' 230715 4K Fancam at Stade de France, Paris BORN PINK encore",https://youtube.com/watch?v=P1lAIB46Rjs&pp=ygUv67iU656Z7ZWR7YGsIGFmdGVyOjIwMjMtMDYtMTQgYmVmb3JlOjIwMjMtMDgtMTQ%3D,1.5만회,4주 전
341,BLACKPINK - 특(S-Class) (Original by Stray Kids) | AI COVER | Kits.AI,https://youtube.com/watch?v=QQMRwyUkSgs&pp=ygUv67iU656Z7ZWR7YGsIGFmdGVyOjIwMjMtMDYtMTQgYmVmb3JlOjIwMjMtMDgtMTQ%3D,42만회,1개월 전
342,블랙핑크 실물후기💝블핑 콘서트 올영 추천템으로 같이준비해요,https://youtube.com/watch?v=s9KguCl4Kvg&pp=ygUv67iU656Z7ZWR7YGsIGFmdGVyOjIwMjMtMDYtMTQgYmVmb3JlOjIwMjMtMDgtMTQ%3D,2.8만회,5일 전
343,"팝가수 위켄드, 블랙핑크 제니 팔아먹어…",https://youtube.com/watch?v=JzFZpC7a0UU&pp=ygUv67iU656Z7ZWR7YGsIGFmdGVyOjIwMjMtMDYtMTQgYmVmb3JlOjIwMjMtMDgtMTQ%3D,2.8천회,1개월 전
344,BLACKPINK - ‘B.P.M.’ Roll #23,https://youtube.com/watch?v=qyr13Idynm4&pp=ygUv67iU656Z7ZWR7YGsIGFmdGVyOjIwMjMtMDYtMTQgYmVmb3JlOjIwMjMtMDgtMTQ%3D,320만회,1개월 전
345,배트맨과 플래시의 첫 만남(ft. 블랙핑크) #저스티스리그,https://youtube.com/shorts/fl-qIoXA8Fc,75만회,1개월 전
346,재계약 암시한 블랙핑크 지수 #shorts,https://youtube.com/shorts/MnJVXonouWs,1.8천회,5일 전
347,230810 BLACKPINK WORLD TOUR 'BORN PINK' #블랙핑크 #제니 #BLACKPINK #JENNIE 인천국제공항 출국 FANCAM,https://youtube.com/watch?v=8ldfRPFK9_Q&pp=ygUv67iU656Z7ZWR7YGsIGFmdGVyOjIwMjMtMDYtMTQgYmVmb3JlOjIwMjMtMDgtMTQ%3D,472회,3일 전
348,블랙핑크 지수! 좋은 운 다 갔다? 블랙핑크 지수 사주풀이! 에 대한 강의입니다~ 사주/운세/역학/철학/주역/사주팔자/관상/풍수지리/주역/육효/철학원/철학관,https://youtube.com/watch?v=xXYsLIRlWsM&pp=ygUv67iU656Z7ZWR7YGsIGFmdGVyOjIwMjMtMDYtMTQgYmVmb3JlOjIwMjMtMDgtMTQ%3D,954회,1개월 전
349,정국 bts는 슈취타 의 최신 에피소드에서 Pink Venom을 노래합니다,https://youtube.com/watch?v=aqQ7iiFYZSE&pp=ygUv67iU656Z7ZWR7YGsIGFmdGVyOjIwMjMtMDYtMTQgYmVmb3JlOjIwMjMtMDgtMTQ%3D,2천회,12일 전
350,(우왁굳&이세돌 반응) 블랙핑크 '핑크베놈' 저세계아이돌 COVER 같이보기 (BLACKPINK PinkVenom),https://youtube.com/watch?v=Omf5lBoqBXU&pp=ygUv67iU656Z7ZWR7YGsIGFmdGVyOjIwMjMtMDYtMTQgYmVmb3JlOjIwMjMtMDgtMTQ%3D,21만회,1개월 전
351,"블랙핑크, 데뷔 7주년 기념과 'MTV VMAs' 노미네이션으로 활약 고조",https://youtube.com/watch?v=0TOcWENg3m8&pp=ygUv67iU656Z7ZWR7YGsIGFmdGVyOjIwMjMtMDYtMTQgYmVmb3JlOjIwMjMtMDgtMTQ%3D,2.1천회,4일 전
352,블랙핑크 리사가 데뷔 후 처음으로 올빽한 이유ㄷㄷ,https://youtube.com/shorts/jVugElTsrqU,13만회,1개월 전
353,스벅과 블핑이 만났다! 스타벅스 블랙핑크 스트로베리 초코 크림 프라프치노 리뷰 #shots #신상,https://youtube.com/shorts/rVT_uHBOIII,3.6천회,2주 전
354,블랙핑크 리사가 팬한테 빡친 이유 #shorts,https://youtube.com/shorts/Ym0xWCYo6S4,111만회,1개월 전
355,"[LIVE] 블랙핑크 '지수·로제', 인천공항 출국✈️BLACKPINK 'JISOO·ROSÉ' Airport Departure 23.8.10 #Newsen",https://youtube.com/watch?v=vVCYYi7IB48&pp=ygUv67iU656Z7ZWR7YGsIGFmdGVyOjIwMjMtMDYtMTQgYmVmb3JlOjIwMjMtMDgtMTQ%3D,1.1만회,스트리밍 시간: 4일 전
356,Blackpink @ BST Hyde Park - Shut down | Fancam,https://youtube.com/watch?v=Pr-Ja9R_UUA&pp=ygUv67iU656Z7ZWR7YGsIGFmdGVyOjIwMjMtMDYtMTQgYmVmb3JlOjIwMjMtMDgtMTQ%3D,16만회,1개월 전
357,블랙핑크 제니 마블 영화 출연 소식!,https://youtube.com/watch?v=yX4qArj9r5s&pp=ygUv67iU656Z7ZWR7YGsIGFmdGVyOjIwMjMtMDYtMTQgYmVmb3JlOjIwMjMtMDgtMTQ%3D,5.1천회,1개월 전
358,"""블랙핑크 리사, 재계약 불발됬다"" 소속사 입장문 공개",https://youtube.com/shorts/8rrWTenEMtA,34만회,1개월 전
359,"블랙핑크(BLACKPINK) 로제, 반바지에 드러난 각선미",https://youtube.com/watch?v=-ffEKab9h88&pp=ygUv67iU656Z7ZWR7YGsIGFmdGVyOjIwMjMtMDYtMTQgYmVmb3JlOjIwMjMtMDgtMTQ%3D,1.2천회,1개월 전
360,블랙핑크 지수-제니 '언제나 사랑스러워!' [STARPIC] / BLACKPINK Arrival - at Incheon Airport 20230717,https://youtube.com/watch?v=mrQg37QfQ7g&pp=ygUv67iU656Z7ZWR7YGsIGFmdGVyOjIwMjMtMDYtMTQgYmVmb3JlOjIwMjMtMDgtMTQ%3D,5.5천회,4주 전
361,"""블랙핑크(BLACKPINK) 제니, 재계약 앞두고 밝은 근황 'yozum'""",https://youtube.com/watch?v=h9L9-FCgnuA&pp=ygUv67iU656Z7ZWR7YGsIGFmdGVyOjIwMjMtMDYtMTQgYmVmb3JlOjIwMjMtMDgtMTQ%3D,1.2천회,6일 전
362,'블랙핑크 제니'가 마블영화에?!  #기묘한케이지 #주간기묘케 #할리우드,https://youtube.com/shorts/ZonNDQwDaO8,1.4만회,1개월 전
363,블랙핑크 제니의 연기를 지켜보던 릴리로즈뎁이 건넨 한마디,https://youtube.com/watch?v=Ir92RMVBS24&pp=ygUv67iU656Z7ZWR7YGsIGFmdGVyOjIwMjMtMDYtMTQgYmVmb3JlOjIwMjMtMDgtMTQ%3D,1.8만회,1개월 전
364,블랙핑크 지수가 남자친구를 부르는 애칭은?!🤔 #shorts,https://youtube.com/shorts/Vrld8a-mOlg,119만회,1개월 전
365,꽃길 제발 그만 #블랙핑크 #지수 #shorts,https://youtube.com/shorts/XEg4SSwQl6w,9.9만회,1개월 전
366,Jennie in Tokyo - Part 1,https://youtube.com/watch?v=I7R6IrMcEZs&pp=ygUv67iU656Z7ZWR7YGsIGFmdGVyOjIwMjMtMDYtMTQgYmVmb3JlOjIwMjMtMDgtMTQ%3D,127만회,3일 전
367,블랙핑크 제니로 인해 태국에서 난리난 한국 브랜드 가방을 태국 장모님에게 선물했을 때 반응,https://youtube.com/watch?v=lsnzxY4gg4s&pp=ygUv67iU656Z7ZWR7YGsIGFmdGVyOjIwMjMtMDYtMTQgYmVmb3JlOjIwMjMtMDgtMTQ%3D,1.9만회,1개월 전
368,[4K] 230702 하이드파크 블랙핑크 지수 typa girl 직캠 BLACKPINK JISOO BST Hyde Park fancam @BST Hyde Park,https://youtube.com/watch?v=yySHYHHtcbk&pp=ygUv67iU656Z7ZWR7YGsIGFmdGVyOjIwMjMtMDYtMTQgYmVmb3JlOjIwMjMtMDgtMTQ%3D,12만회,1개월 전
369,"블랙핑크 지수, 차은우와 신상품 공개 프로젝트 협업",https://youtube.com/watch?v=1R3UdZL1iAc&pp=ygUv67iU656Z7ZWR7YGsIGFmdGVyOjIwMjMtMDYtMTQgYmVmb3JlOjIwMjMtMDgtMTQ%3D,873회,2주 전
370,"블랭핑크 지수 만난 홀란, 맨시티 역대급 내한 경기 반응 총정리",https://youtube.com/watch?v=OLiSIzMEk_w&pp=ygUv67iU656Z7ZWR7YGsIGFmdGVyOjIwMjMtMDYtMTQgYmVmb3JlOjIwMjMtMDgtMTQ%3D,16만회,2주 전
371,[자막뉴스] 블랙핑크 '셧다운'도 넘겼다.. 뮤비 통산 15번째 5억뷰 달성 / OBS 뉴스,https://youtube.com/watch?v=E8EpuKVpdC0&pp=ygUv67iU656Z7ZWR7YGsIGFmdGVyOjIwMjMtMDYtMTQgYmVmb3JlOjIwMjMtMDgtMTQ%3D,69회,10시간 전
372,Blackpink Opening + Pink venom at Metlifestadium 2023 Born pink world tour | 블랙핑크 뉴저지 콘서트 오프닝 + 핑크베놈,https://youtube.com/watch?v=F-foIDn5PC8&pp=ygUv67iU656Z7ZWR7YGsIGFmdGVyOjIwMjMtMDYtMTQgYmVmb3JlOjIwMjMtMDgtMTQ%3D,2천회,2일 전
373,"블랙핑크 지수, 너 혹시 T야?",https://youtube.com/shorts/dJNYNmC01wc,20만회,9일 전
374,안보현 부러워지는 블랙핑크 지수,https://youtube.com/shorts/zwUFXivipmQ,249만회,11일 전
375,중국 차이나팝이 대세라던 중국인 유튜버가 중국 아이돌 영상 공개되자 잠적한 이유,https://youtube.com/watch?v=_H9xgBlGg1E&pp=ygUv67iU656Z7ZWR7YGsIGFmdGVyOjIwMjMtMDYtMTQgYmVmb3JlOjIwMjMtMDgtMTQ%3D,17만회,1개월 전
376,"[풀영상] 블랙핑크 리사.화사→임지연.신예은.이상이...💋 불가리 세르펜티 (BULGARI Serpenti) 75주년 포토콜 (BLACKPINK LISA, HWASA, Felix)",https://youtube.com/watch?v=jsBDGqUXPO4&pp=ygUv67iU656Z7ZWR7YGsIGFmdGVyOjIwMjMtMDYtMTQgYmVmb3JlOjIwMjMtMDgtMTQ%3D,20만회,1개월 전
377,[블랙핑크재계약] YG에 묶여있을 이유가 없다 #블랙핑크제니 #와이지엔터테인먼트 #리사,https://youtube.com/shorts/YhfbBANx3-U,69만회,3주 전
378,[커버곡] BLACKPINK medley | Cover,https://youtube.com/watch?v=NSJLoV3jgnM&pp=ygUv67iU656Z7ZWR7YGsIGFmdGVyOjIwMjMtMDYtMTQgYmVmb3JlOjIwMjMtMDgtMTQ%3D,20만회,1개월 전
379,[#CONCERT] 230715 BLACKPINK 블랙핑크 - Born Pink ENCORE in Paris : DDU-DU DDU-DU 뚜두뚜두 @ Stade de France,https://youtube.com/watch?v=Cc2i-FEfmww&pp=ygUv67iU656Z7ZWR7YGsIGFmdGVyOjIwMjMtMDYtMTQgYmVmb3JlOjIwMjMtMDgtMTQ%3D,1.8만회,4주 전
380,침착하게 대처하는 프로페셔널한 블랙핑크 로제,https://youtube.com/shorts/htuSB5CtzoY,5.4천회,1개월 전
381,재계약을 미루는 블랙핑크 리사,https://youtube.com/shorts/uqOfJktTES0,172만회,1개월 전
382,"중국반응| 한국인이 시킨거라고? 중국팬들에게 제대로 혼난 한국?? 또 난리난 중국. 블랙핑크, 케이팝, 한국문화로도 그러더니... 이번에도 한국이 태국연예인까지...",https://youtube.com/watch?v=wLPPpo7yAyM&pp=ygUv67iU656Z7ZWR7YGsIGFmdGVyOjIwMjMtMDYtMTQgYmVmb3JlOjIwMjMtMDgtMTQ%3D,5.6만회,2개월 전
383,블랙핑크 제니의 드라마 데뷔작이 시작부터 논란인 이유,https://youtube.com/shorts/wAVgNDIusQo,3.6만회,1개월 전
384,블랙핑크 제니가 팬한테 손톱을 선물해준 이유,https://youtube.com/shorts/rHNCOi0YIJU,59만회,2주 전
385,한 시간당 쏘나타 1대 값이라는 블랙핑크 전용기의 대여료,https://youtube.com/shorts/oirN6OFeOXE,292만회,1개월 전
386,블랙핑크와 같은 미선짱,https://youtube.com/shorts/YaEGwz6SGV4,187만회,1개월 전
387,남자가 하는 블랙핑크 4인 커버 메이크업 #올영,https://youtube.com/shorts/Vnrz0h6S7mI,296만회,1개월 전
388,블랙핑크 로제가 '인간 생로랑'인 이유 #shorts,https://youtube.com/shorts/oV1att4DWjU,51만회,1개월 전
389,걸어다니는 대기업 블랙핑크 제니,https://youtube.com/shorts/5rhTspRvMGc,94만회,1개월 전
390,(50분) ＂ 인사 안하면 기분 나빠 ＂ 최소 편집자보다 한국어 잘함ㅋㅋ 여자아이돌 외국멤 보다보니 어느새 K-패치 완성★｜아는형님｜JTBC 230429 방송 외,https://youtube.com/watch?v=TsxKv_6SkKI&pp=ygUv67iU656Z7ZWR7YGsIGFmdGVyOjIwMjMtMDYtMTQgYmVmb3JlOjIwMjMtMDgtMTQ%3D,25만회,1개월 전
391,블랙핑크 로제 체형맞춤 사복패션 (feat. 공항패션) #shorts,https://youtube.com/shorts/rRMLVNaxeMc,17만회,12일 전
392,"블랙핑크, 뉴욕 메트라이프 점령 5만석 매진으로 미친 인기 입증?",https://youtube.com/watch?v=VW0W-I3X9bI&pp=ygUv67iU656Z7ZWR7YGsIGFmdGVyOjIwMjMtMDYtMTQgYmVmb3JlOjIwMjMtMDgtMTQ%3D,4.6천회,1일 전
393,[THROWBACK SONGS PLAYLIST] BLACKPINK 블랙핑크- Songs from 2016-2017 | BLACKPINK 7th ANNIVERSARY SPECIAL,https://youtube.com/watch?v=ahzWMzy0Nug&pp=ygUv67iU656Z7ZWR7YGsIGFmdGVyOjIwMjMtMDYtMTQgYmVmb3JlOjIwMjMtMDgtMTQ%3D,1.5만회,11일 전
394,BLACKPINK + Starbucks: Turn Up Your Summer,https://youtube.com/watch?v=KEItuOKtQG4&pp=ygUv67iU656Z7ZWR7YGsIGFmdGVyOjIwMjMtMDYtMTQgYmVmb3JlOjIwMjMtMDgtMTQ%3D,72만회,3주 전
395,Dance to Korea S3 EDS: Ice Cream + Pink Venom (BLACKPINK 블랙핑크) 뉴욕 타임스퀘어 NY Times Square 2023.07.19,https://youtube.com/watch?v=gFytIqP64_g&pp=ygUv67iU656Z7ZWR7YGsIGFmdGVyOjIwMjMtMDYtMTQgYmVmb3JlOjIwMjMtMDgtMTQ%3D,2.3만회,3주 전
396,💐 Emoji edit on Lisa #shorts #blackpink #ibispaintx #lisa #블랙핑크,https://youtube.com/shorts/p1j_pp6U3ZY,2.2천회,1개월 전
397,4K BLACKPINK - BORN PINK TOUR ENCORE IN PARIS [ STADE DE FRANCE ] FULL CONCERT 2023,https://youtube.com/watch?v=3T3ilt_xbLA&pp=ygUv67iU656Z7ZWR7YGsIGFmdGVyOjIwMjMtMDYtMTQgYmVmb3JlOjIwMjMtMDgtMTQ%3D,99만회,3주 전
398,[#유퀴즈온더블럭] 평양 찐맛집 알려주는 (저희는 못 갑니다) 주한영국대사 자기님😛 블랙핑크 좋아하는 대사관님이 직접 알려주는 대사 베네핏 5가지!,https://youtube.com/watch?v=yp8AtSy68jo&pp=ygUv67iU656Z7ZWR7YGsIGFmdGVyOjIwMjMtMDYtMTQgYmVmb3JlOjIwMjMtMDgtMTQ%3D,2.6만회,1개월 전
399,블랙핑크 @ BST 하이드 파크 - Forever Young | 직캠,https://youtube.com/watch?v=La1s7xf4-s0&pp=ygUv67iU656Z7ZWR7YGsIGFmdGVyOjIwMjMtMDYtMTQgYmVmb3JlOjIwMjMtMDgtMTQ%3D,12만회,1개월 전
400,동탄신도시를 퐁탄신도시라 말하는 이유ㅋㅋㅋㅋ,https://youtube.com/watch?v=kiByQiIEk5U&pp=ygUv67iU656Z7ZWR7YGsIGFmdGVyOjIwMjMtMDYtMTQgYmVmb3JlOjIwMjMtMDgtMTQ%3D,51만회,3주 전
401,BLACKPINK 블랙핑크 로제 (ROSÉ) 출국 Departure | 인천공항 • 230810,https://youtube.com/watch?v=ajvUZ-ROkaI&pp=ygUv67iU656Z7ZWR7YGsIGFmdGVyOjIwMjMtMDYtMTQgYmVmb3JlOjIwMjMtMDgtMTQ%3D,4.1천회,4일 전
402,블랙핑크 @ BST 하이드파크 - 뚜뚜두 | 직캠,https://youtube.com/watch?v=Iz84bV9X-EY&pp=ygUv67iU656Z7ZWR7YGsIGFmdGVyOjIwMjMtMDYtMTQgYmVmb3JlOjIwMjMtMDgtMTQ%3D,3.4만회,1개월 전
403,블랙핑크x스타벅스 콜라보 음료 ! #mukbang #blackpink,https://youtube.com/shorts/_GYQlMrSsLw,3만회,2주 전
404,BLACKPINK WORLD TOUR [BORN PINK] HANOI HIGHLIGHT CLIP,https://youtube.com/shorts/c7cj57Ts4fg,107만회,10일 전
405,블랙핑크 제니도..? 연습생 때 심각한 신체 부작용 일화 폭로😨 (영어공부 period),https://youtube.com/watch?v=XUojK_pIt8o&pp=ygUv67iU656Z7ZWR7YGsIGFmdGVyOjIwMjMtMDYtMTQgYmVmb3JlOjIwMjMtMDgtMTQ%3D,3.6천회,1개월 전
406,230729 BLACKPINK @ BORN PINK WORLD TOUR HANOI - VIETNAM | Full Concert,https://youtube.com/watch?v=XAwVNl-5rgY&pp=ygUv67iU656Z7ZWR7YGsIGFmdGVyOjIwMjMtMDYtMTQgYmVmb3JlOjIwMjMtMDgtMTQ%3D,176만회,2주 전
407,블랙핑크 보유국🖤💕스타벅스 콜라보 3종 다 먹었어요,https://youtube.com/shorts/A_WLDn29czM,10만회,2주 전
408,"BLACKPINK - Act 1 (Live) (BST Hyde Park, London, 02/07/2023)",https://youtube.com/watch?v=Pg_SHCEOzDk&pp=ygUv67iU656Z7ZWR7YGsIGFmdGVyOjIwMjMtMDYtMTQgYmVmb3JlOjIwMjMtMDgtMTQ%3D,179만회,1개월 전
409,BLACKPINK | Pink Venom / Intro [Live at London BST Hyde Park 2023],https://youtube.com/watch?v=X8NbsAKtS9E&pp=ygUv67iU656Z7ZWR7YGsIGFmdGVyOjIwMjMtMDYtMTQgYmVmb3JlOjIwMjMtMDgtMTQ%3D,36만회,1개월 전
410,잘나가는 방송국 PD들이 대놓고 손절해버린 남자 연예인 TOP3,https://youtube.com/watch?v=EsYZVqkzBHc&pp=ygUv67iU656Z7ZWR7YGsIGFmdGVyOjIwMjMtMDYtMTQgYmVmb3JlOjIwMjMtMDgtMTQ%3D,118만회,1개월 전
411,BLACKPINK - ‘B.P.M.’ Roll #27,https://youtube.com/watch?v=skcE1qZKLLo&pp=ygUv67iU656Z7ZWR7YGsIGFmdGVyOjIwMjMtMDYtMTQgYmVmb3JlOjIwMjMtMDgtMTQ%3D,213만회,1개월 전
412,지드래곤이 브루노마스 콘서트에서 제니를 발견하고 보인 반응,https://youtube.com/watch?v=7-kIET6jrR0&pp=ygUv67iU656Z7ZWR7YGsIGFmdGVyOjIwMjMtMDYtMTQgYmVmb3JlOjIwMjMtMDgtMTQ%3D,7.9만회,1개월 전
413,"Blackpink Concert ,Metlife Stadium,New Jersey,USA블랙핑크 콘서트,미국,매트라이프 뉴저지 2023",https://youtube.com/watch?v=2zv9oUtO9Ks&pp=ygUv67iU656Z7ZWR7YGsIGFmdGVyOjIwMjMtMDYtMTQgYmVmb3JlOjIwMjMtMDgtMTQ%3D,1.3천회,2일 전
414,블랙핑크 리사가 배우 박보검에 대한 각별한 애정을 드러냈다. 그들은 Bruno Mars 콘서트에서 어울리는 것을 보았습니다,https://youtube.com/watch?v=UVJXKrZP4Ew&pp=ygUv67iU656Z7ZWR7YGsIGFmdGVyOjIwMjMtMDYtMTQgYmVmb3JlOjIwMjMtMDgtMTQ%3D,5.2천회,1개월 전
415,블랙핑크 프라푸치노 Black pink Frappuccino 🖤🩷,https://youtube.com/shorts/TTTT7kc-6lw,5.8만회,2주 전
416,[K-POP IN PUBLIC | ONE TAKE] BLACKPINK - '마지막처럼 (AS IF IT'S YOUR LAST)' dance cover by MICHIN YOJAS,https://youtube.com/watch?v=VkyTodZ3ccw&pp=ygUv67iU656Z7ZWR7YGsIGFmdGVyOjIwMjMtMDYtMTQgYmVmb3JlOjIwMjMtMDgtMTQ%3D,5.5만회,3주 전
417,제네시스 G80 차주가 블랙핑크 제니 포르쉐을 X억에 구매했다고?! 전세계에 딱 두대..,https://youtube.com/watch?v=u1hXfGgA5NA&pp=ygUv67iU656Z7ZWR7YGsIGFmdGVyOjIwMjMtMDYtMTQgYmVmb3JlOjIwMjMtMDgtMTQ%3D,4.3만회,1개월 전
418,Born Pink World Tour Sydney Opening- How you like that.,https://youtube.com/watch?v=JRspijEqTtE&pp=ygUv67iU656Z7ZWR7YGsIGFmdGVyOjIwMjMtMDYtMTQgYmVmb3JlOjIwMjMtMDgtMTQ%3D,7.9천회,1개월 전
419,블랙핑크-붐바야 5인 안무 거울모드,https://youtube.com/watch?v=8XX_rtThdFY&pp=ygUv67iU656Z7ZWR7YGsIGFmdGVyOjIwMjMtMDYtMTQgYmVmb3JlOjIwMjMtMDgtMTQ%3D,726회,1개월 전
420,영화 밀수 VIP 시사회 블랙핑크 지수 실물 현장,https://youtube.com/shorts/4hRb75Zm4Ok,4.5만회,3주 전
421,BlackPink at BST Hyde Park (London 02/07/2023),https://youtube.com/watch?v=LhtJKfX8D9A&pp=ygUv67iU656Z7ZWR7YGsIGFmdGVyOjIwMjMtMDYtMTQgYmVmb3JlOjIwMjMtMDgtMTQ%3D,77만회,1개월 전
422,해외에서 난리난 블랙핑크 불매운동 (대체 왜?),https://youtube.com/shorts/pd3HPIPygqU,109만회,1개월 전
423,"블랙핑크 지수와 안보현의 궁합, 사주로 보는 그들의 결말?",https://youtube.com/watch?v=HGLThxSc3_U&pp=ygUv67iU656Z7ZWR7YGsIGFmdGVyOjIwMjMtMDYtMTQgYmVmb3JlOjIwMjMtMDgtMTQ%3D,1.3천회,1일 전
424,블랙핑크(BLACK PINK) ‘As If It's Your Last 마지막처럼 | BORN PINK - Sydney  2023 #blackpink [4K FANCAM],https://youtube.com/watch?v=W9eZqnvI1sc&pp=ygUv67iU656Z7ZWR7YGsIGFmdGVyOjIwMjMtMDYtMTQgYmVmb3JlOjIwMjMtMDgtMTQ%3D,4.7천회,1개월 전
425,"당신이 놓쳤을 수도 있는 8월 첫째 주 연예계 뉴스 TOP7 [뉴진스, 블랙핑크 지수, 피프티 피프티, 트와이스, BTS 뷔, 잼버리, 코미디 빅리그](ENG, CHN, AR)",https://youtube.com/watch?v=ROSYgbgURkQ&pp=ygUv67iU656Z7ZWR7YGsIGFmdGVyOjIwMjMtMDYtMTQgYmVmb3JlOjIwMjMtMDgtMTQ%3D,3.5만회,8일 전
426,"FIRST TIME HEARING | BLACKPINK (블랙핑크) - "" KILL THIS LOVE "" | GREATEST SONG EVER!! | OMG REACTION!!",https://youtube.com/watch?v=_U1iKuVgREE&pp=ygUv67iU656Z7ZWR7YGsIGFmdGVyOjIwMjMtMDYtMTQgYmVmb3JlOjIwMjMtMDgtMTQ%3D,1.3만회,1개월 전
427,BLACKPINK - ‘B.P.M.’ Roll #24,https://youtube.com/watch?v=4o05ewiImmI&pp=ygUv67iU656Z7ZWR7YGsIGFmdGVyOjIwMjMtMDYtMTQgYmVmb3JlOjIwMjMtMDgtMTQ%3D,233만회,1개월 전
428,BLACKPINK (블랙핑크) - 'Kill This Love' | Color Coded Lyrics [Han/Rom/ENG],https://youtube.com/watch?v=X2lyroXcfRY&pp=ygUv67iU656Z7ZWR7YGsIGFmdGVyOjIwMjMtMDYtMTQgYmVmb3JlOjIwMjMtMDgtMTQ%3D,15만회,12일 전
429,초딩 블랙핑크의 how you like that!,https://youtube.com/watch?v=weZkBB_Bhj0&pp=ygUv67iU656Z7ZWR7YGsIGFmdGVyOjIwMjMtMDYtMTQgYmVmb3JlOjIwMjMtMDgtMTQ%3D,4만회,1개월 전
430,"[LIVE] 블랙핑크 '제니·지수·로제', 인천공항 출국✈️BLACKPINK 'JENNIE·JISOO·ROSÉ' ICN Airport Departure 23.7.1#Newsen",https://youtube.com/watch?v=IlCysH3c7qM&pp=ygUv67iU656Z7ZWR7YGsIGFmdGVyOjIwMjMtMDYtMTQgYmVmb3JlOjIwMjMtMDgtMTQ%3D,3.3만회,스트리밍 시간: 1개월 전
431,[멀티버스힙합] 블랙핑크 핑크베놈에 양홍원이 피처링을 한다면?,https://youtube.com/shorts/YoLk-BlEAGw,5만회,5일 전
432,[블랙핑크] 충격! 지수 All Eyes On Me 무대 실존! ㄷㄷ,https://youtube.com/shorts/ymiOAQJY5J4,8천회,2일 전
433,BLACKPINK - ‘B.P.M.’ Roll #25,https://youtube.com/watch?v=Jw_ZLkPQMsA&pp=ygUv67iU656Z7ZWR7YGsIGFmdGVyOjIwMjMtMDYtMTQgYmVmb3JlOjIwMjMtMDgtMTQ%3D,213만회,1개월 전
434,전세기로 출국하는 블랙핑크의 존재감넘치는 공항룩 #shorts,https://youtube.com/shorts/kmVkoEZ9r4M,12만회,2주 전
435,"블랙핑크 지수❤안보현, 열애 티났던 과거 장면ㄷㄷ",https://youtube.com/shorts/arKRHukgw1Q,8.3만회,11일 전
436,BLACKPINK - ‘B.P.M.’ Roll #26,https://youtube.com/watch?v=vrZPnpaT3Ts&pp=ygUv67iU656Z7ZWR7YGsIGFmdGVyOjIwMjMtMDYtMTQgYmVmb3JlOjIwMjMtMDgtMTQ%3D,190만회,1개월 전
437,"한소희, 뉴진스, 블랙핑크도 요즘 푹 빠졌다고?! 2023 올여름 미.친.듯.이 뜨는 패션 유행템 총정리🔥",https://youtube.com/watch?v=2JBA5S_vt9g&pp=ygUv67iU656Z7ZWR7YGsIGFmdGVyOjIwMjMtMDYtMTQgYmVmb3JlOjIwMjMtMDgtMTQ%3D,20만회,1개월 전
438,"[S영상] 블랙핑크 리사(Lisa),우아함과 러블리 그 자체",https://youtube.com/watch?v=WxDa8vt9Law&pp=ygUv67iU656Z7ZWR7YGsIGFmdGVyOjIwMjMtMDYtMTQgYmVmb3JlOjIwMjMtMDgtMTQ%3D,709회,1개월 전
439,230618 블랙핑크 리사 BLACKPINK LISA - 김포공항 전세기 입국 GIMPO ARRIVAL,https://youtube.com/watch?v=adp2tvpPez0&pp=ygUv67iU656Z7ZWR7YGsIGFmdGVyOjIwMjMtMDYtMTQgYmVmb3JlOjIwMjMtMDgtMTQ%3D,9.5천회,1개월 전
440,BLACKPINK “LISA” BVLGARI EVENT (블랙핑크 리사) 불가리 세르펜티 75주년 이벤트 참석 퇴근길 | 230628,https://youtube.com/shorts/RMgv81MFgbU,30만회,1개월 전
441,"[LIVE] 블랙핑크(BLACKPINK), 인천공항 입국✈️ICN Airport Arrival 23.7.4 #Newsen",https://youtube.com/watch?v=_xE8wA70ueQ&pp=ygUv67iU656Z7ZWR7YGsIGFmdGVyOjIwMjMtMDYtMTQgYmVmb3JlOjIwMjMtMDgtMTQ%3D,3만회,스트리밍 시간: 1개월 전
442,"블랙핑크 제니, “게으르다” 일부 비판에 직접 해명!",https://youtube.com/shorts/3Wla92AqBrI,46만회,4주 전
443,K-POP IN PUBLIC | ONE TAKE 'Pretty Savage' BLACKPINK 블랙핑크 COACHELLA VER Cover by CHOOM DANCE CREW,https://youtube.com/watch?v=6eEn9-RpCfI&pp=ygUv67iU656Z7ZWR7YGsIGFmdGVyOjIwMjMtMDYtMTQgYmVmb3JlOjIwMjMtMDgtMTQ%3D,1.6만회,1개월 전
444,뉴진스가 SNS에 블랙핑크 리사를 모욕해 블링크의 분노가 극에 달했다,https://youtube.com/watch?v=0tZxIr9KpXo&pp=ygUv67iU656Z7ZWR7YGsIGFmdGVyOjIwMjMtMDYtMTQgYmVmb3JlOjIwMjMtMDgtMTQ%3D,881회,4일 전
445,4K 230811 Blackpink ‘Typa Girl’ Born Pink Encore MetLife1 NJ NY 블랙핑크,https://youtube.com/watch?v=VYKxfYHzBJk&pp=ygUv67iU656Z7ZWR7YGsIGFmdGVyOjIwMjMtMDYtMTQgYmVmb3JlOjIwMjMtMDgtMTQ%3D,5.5천회,1일 전
446,블랙핑크 리사가 100억 받았다는 말 나오는 이유,https://youtube.com/shorts/oRxufOeNYLw,3.4만회,1개월 전
447,어떤 스타일이 어울리나요? 🎵 블랙핑크 멤버별 스타일링 #kbeauty,https://youtube.com/shorts/r8CTejlh8Sc,9.3천회,1개월 전
448,파리 사로잡은 블랙핑크 리사 가성비 여행룩 모음 #shorts,https://youtube.com/shorts/MR2680lYU2s,11만회,3주 전
449,블랙핑크 제니 at Bruno Mars concert,https://youtube.com/shorts/dsWBhEv5l8Q,2.4천회,1개월 전
450,귀여운 팬들보다 더 귀여운 “블랙핑크 제니” 입국 이벤트 (BLACKPINK JENNIE),https://youtube.com/shorts/feM0PzKWfjQ,29만회,1개월 전
451,"Part1 블랙핑크 첫 베트남 공연, 베트남현지반응#베트남현지언론번역 (w/네이버 클로바 더빙) #shorts",https://youtube.com/shorts/AsciSCn2kQM,380회,1개월 전
452,[K-POP IN PUBLIC | ONE TAKE] BLACKPINK (블랙핑크) - PRETTY SAVAGE| Dance cover by QUARTZ,https://youtube.com/watch?v=jYqbYA3DS1E&pp=ygUv67iU656Z7ZWR7YGsIGFmdGVyOjIwMjMtMDYtMTQgYmVmb3JlOjIwMjMtMDgtMTQ%3D,8.7천회,5일 전
453,"BLACKPINK - 'Pink Venom' Live (BST Hyde Park, 2023)",https://youtube.com/watch?v=oxtivtjAiyA&pp=ygUv67iU656Z7ZWR7YGsIGFmdGVyOjIwMjMtMDYtMTQgYmVmb3JlOjIwMjMtMDgtMTQ%3D,39만회,1개월 전
454,"블랙핑크 제니, 콘서트 중 갑자기 무대 아래로 내려가더니..",https://youtube.com/shorts/koQOLHsY_0Q,152만회,1개월 전
455,🔎이거 먹기 전에 꼭 봐야할 영상 (feat. 스타벅스 블랙핑크 콜라보) #summerofshorts,https://youtube.com/shorts/H9wobDqzIa4,3.7만회,2주 전
456,민희진이 슈퍼샤이 싫어하는 뉴진스 민지에게 건넨 단호한 한마디,https://youtube.com/watch?v=DdKTNIK7ujo&pp=ygUv67iU656Z7ZWR7YGsIGFmdGVyOjIwMjMtMDYtMTQgYmVmb3JlOjIwMjMtMDgtMTQ%3D,70만회,4주 전
457,"블랙핑크, 베트남 스타디움 콘서트  [말하는 기자들_대중문화_0627] #shrots",https://youtube.com/shorts/TMlE_4sU6nI,404회,1개월 전
458,100억딜 성공?한 블랙핑크 리사와 두 연진이의 만남 (feat. 불가리) #shorts,https://youtube.com/shorts/du-4PIsRjMg,103만회,1개월 전
459,보라돌이 그 자체인 블랙핑크 제니 코디 #shorts,https://youtube.com/shorts/EPRnuN_TKMQ,1.9천회,1개월 전
460,핑크 VS 블랙 | 어떤 색깔이 좋아? | 어린이 인기 동요 Kids Song | 꼬마공룡 코코비,https://youtube.com/watch?v=Jrw20QrYMTg&pp=ygUv67iU656Z7ZWR7YGsIGFmdGVyOjIwMjMtMDYtMTQgYmVmb3JlOjIwMjMtMDgtMTQ%3D,110만회,1개월 전
461,블랙핑크(BLACK PINK) ‘Tally’ | BORN PINK - Sydney Australia 2023 #blackpink [4K FANCAM],https://youtube.com/watch?v=1MxdfkiJRcc&pp=ygUv67iU656Z7ZWR7YGsIGFmdGVyOjIwMjMtMDYtMTQgYmVmb3JlOjIwMjMtMDgtMTQ%3D,2.2천회,1개월 전
462,콘서트 도중 몸에 이상을 느껴 퇴장한 블랙핑크 제니,https://youtube.com/shorts/AYvvXmI21eU,1.5만회,1개월 전
463,블랙핑크 제니❤️ BTS 뷔 브루노마스콘서트에                    #shorts #제니 #뷔,https://youtube.com/shorts/fC64Fy0P508,3.5천회,1개월 전
464,"[LIVE] 블랙핑크, ""인천국제공항 입국"" l BLACKPINK, ""ICN INT Airport Arrival"" [공항]",https://youtube.com/watch?v=MHlVHnS1Uik&pp=ygUv67iU656Z7ZWR7YGsIGFmdGVyOjIwMjMtMDYtMTQgYmVmb3JlOjIwMjMtMDgtMTQ%3D,4.6만회,스트리밍 시간: 1개월 전
465,#블랙핑크제니 #선글라스 나도 어울릴까?😎 내 얼굴형에 맞는 선글라스 찾기! 나는 어떤 선글라스가 어울릴까요? #blackpink #blackpinkjennie #jennie,https://youtube.com/shorts/0_LEDVFyMlE,6.7천회,1개월 전
466,🩷👑2022/2023 유행 랜덤플레이댄스😊💫 / 16곡 / 9분 30초,https://youtube.com/watch?v=3fRgjj4DQ5A&pp=ygUv67iU656Z7ZWR7YGsIGFmdGVyOjIwMjMtMDYtMTQgYmVmb3JlOjIwMjMtMDgtMTQ%3D,53만회,1개월 전
467,[지수]JISOO - 'FLOWER'꽃 Live at Osaka Japan Tour 2023,https://youtube.com/watch?v=sjRQFLIiz6g&pp=ygUv67iU656Z7ZWR7YGsIGFmdGVyOjIwMjMtMDYtMTQgYmVmb3JlOjIwMjMtMDgtMTQ%3D,79만회,1개월 전
468,"Blackpink. 뚜두뚜두 Ddu-Du Ddu-Du. Sydney day 2, Born Pink World Tour.",https://youtube.com/watch?v=nBr3dJANFq8&pp=ygUv67iU656Z7ZWR7YGsIGFmdGVyOjIwMjMtMDYtMTQgYmVmb3JlOjIwMjMtMDgtMTQ%3D,3.9만회,1개월 전
469,블랙핑크 제니의 희기영상 #블랙핑크 #제니춤,https://youtube.com/shorts/t5QBIRu7v9c,6천회,1개월 전
470,【일본방송 번역】 한국의 컨텐츠가 세계에서 돌풍을 일으키는 이유! #일본반응 #BTS #오징어게임,https://youtube.com/watch?v=1QRLxETqa5I&pp=ygUv67iU656Z7ZWR7YGsIGFmdGVyOjIwMjMtMDYtMTQgYmVmb3JlOjIwMjMtMDgtMTQ%3D,1.8만회,3주 전
471,Kill this love -크레즐 (이승민X임규형X조진호X김수인) ｜원곡 : 블랙핑크(BLACKPINK),https://youtube.com/watch?v=9V-XYnGl8xM&pp=ygUv67iU656Z7ZWR7YGsIGFmdGVyOjIwMjMtMDYtMTQgYmVmb3JlOjIwMjMtMDgtMTQ%3D,2.9천회,1개월 전
472,[안될음악] 블랙핑크 제니 멀티버스 프로젝트,https://youtube.com/watch?v=cbdADgkTsuU&pp=ygUv67iU656Z7ZWR7YGsIGFmdGVyOjIwMjMtMDYtMTQgYmVmb3JlOjIwMjMtMDgtMTQ%3D,321회,1개월 전
473,"[Playlist] 후회없는 젊음이 타오르게 🍧 | 케이팝 여름 노래 모음 | 블랙핑크, 엑소, 뉴진스의 여름",https://youtube.com/watch?v=E5ad8hZXbb0&pp=ygUv67iU656Z7ZWR7YGsIGFmdGVyOjIwMjMtMDYtMTQgYmVmb3JlOjIwMjMtMDgtMTQ%3D,1.7만회,3주 전
474,디렉터 리액션 - 블랙핑크 - 'How You Like That' MV,https://youtube.com/watch?v=CKltAyS5Q8g&pp=ygUv67iU656Z7ZWR7YGsIGFmdGVyOjIwMjMtMDYtMTQgYmVmb3JlOjIwMjMtMDgtMTQ%3D,13만회,1개월 전
475,"블랙핑크 리사, 과감하게 올백 머리하고 불가리 행사 등장.",https://youtube.com/shorts/NKme5RLtrFQ,209만회,1개월 전
476,블랙핑크 낚시대로 댐장어 조지기,https://youtube.com/watch?v=Me2qclkF7HM&pp=ygUv67iU656Z7ZWR7YGsIGFmdGVyOjIwMjMtMDYtMTQgYmVmb3JlOjIwMjMtMDgtMTQ%3D,4.3천회,1개월 전
477,BLACKPINK 블랙핑크 BORN PINK ENCORE NJ MetLife 2023.08.11: DDU-DU DDU-DU 뚜두뚜두 + Forever Young fancam 직캠,https://youtube.com/watch?v=yjuO8wFndlE&pp=ygUv67iU656Z7ZWR7YGsIGFmdGVyOjIwMjMtMDYtMTQgYmVmb3JlOjIwMjMtMDgtMTQ%3D,47회,10시간 전
478,"다크나이트 제니와 지수의 케미, 블랙핑크 귀여운 출국 순간 (BLACKPINK : JENNIE JISOO)",https://youtube.com/shorts/UpGky76SAU8,40만회,3주 전
479,All Eyes on Jisoo 1 Blackpink Born Pink Encore1 @ MetLife 블랙핑크 지수,https://youtube.com/shorts/wfylbvUmqjw,7.4천회,1일 전
480,Pink Venom Lyrics - (블랙핑크 Pink Venom 가사) - BLACKPINK [Korean Lyrics /Han/가사],https://youtube.com/watch?v=neHwninn6e0&pp=ygUv67iU656Z7ZWR7YGsIGFmdGVyOjIwMjMtMDYtMTQgYmVmb3JlOjIwMjMtMDgtMTQ%3D,909회,1개월 전
481,블랙핑크 행복 지수 (BLACKPINK JISOO),https://youtube.com/shorts/Cx03erGAIcw,1.2만회,3일 전
482,무려 '32곡' 인 대왕 랜덤 플레이 댄스 ! | 32곡 | 랜덤 플레이 댄스 | 뉴진스 | 엔믹스 | 아이브 | 부석순 | 에스파 | 투바투 | 르세라핌 | 블랙핑크  | 방탄,https://youtube.com/watch?v=qoDWWXgUDo0&pp=ygUv67iU656Z7ZWR7YGsIGFmdGVyOjIwMjMtMDYtMTQgYmVmb3JlOjIwMjMtMDgtMTQ%3D,9.2만회,3주 전
483,심슨에나온 블랙핑크 럽식걸! (펄럭~),https://youtube.com/shorts/bxgJG3XDN3w,1.2천회,1개월 전
484,음악이 가진 힘 #shorts,https://youtube.com/shorts/pP4lfjJM8bg,15만회,1개월 전
485,BTS 뷔  ❤️블랙핑크 제니,https://youtube.com/shorts/c1nD70Sn-fA,728회,1개월 전
486,[블랙핑크] 한국 전통 부채춤을 활용한 코첼라 'Typa Girl' 무대,https://youtube.com/shorts/TIdGMF1c7JI,1.9천회,1개월 전
487,#블랙핑크 #BLACKPINK,https://youtube.com/shorts/JZBGtqTjrsI,3.3천회,1개월 전
488,"""블랙핑크 콘서트 티켓 취소!"" 뜨겁던 베트남 팬들의 '분노' #Shorts (MBC뉴스)",https://youtube.com/shorts/0kIgNj9eG4Y,21만회,1개월 전
489,[인터넷 와글와글] 블랙핑크 '셧다운' MV 5억뷰 돌파…역시 유튜브 퀸? [굿모닝 MBN],https://youtube.com/watch?v=HLAW8FZ1dt4&pp=ygUv67iU656Z7ZWR7YGsIGFmdGVyOjIwMjMtMDYtMTQgYmVmb3JlOjIwMjMtMDgtMTQ%3D,309회,12시간 전
490,BLACKPINK 블랙핑크 BORN PINK ENCORE IN NJ MetLife 2023.08.11 LISA 리사: MONEY [fancam 직캠],https://youtube.com/watch?v=O2bpoVKPGjc&pp=ygUv67iU656Z7ZWR7YGsIGFmdGVyOjIwMjMtMDYtMTQgYmVmb3JlOjIwMjMtMDgtMTQ%3D,2.4천회,1일 전
491,Pink Venom Lyrics - (블랙핑크 Pink Venom 가사) - BLACKPINK [Korean Lyrics /Han/가사],https://youtube.com/watch?v=Z2ALQpdh0dc&pp=ygUv67iU656Z7ZWR7YGsIGFmdGVyOjIwMjMtMDYtMTQgYmVmb3JlOjIwMjMtMDgtMTQ%3D,1.8만회,1개월 전
492,"이 유형은 반드시 '언더 메이크업' 하세요. (소녀시대 윤아,블랙핑크 로제,아이브 가을) | 좁은 눈두덩이,언더음영,애교살",https://youtube.com/watch?v=nlr8mUInWPQ&pp=ygUv67iU656Z7ZWR7YGsIGFmdGVyOjIwMjMtMDYtMTQgYmVmb3JlOjIwMjMtMDgtMTQ%3D,9.3천회,1개월 전
493,Rosé but black haired? 🖤블랙핑크 로제 흑발?,https://youtube.com/shorts/oKV7DpFVA6o,1.5천회,1개월 전
494,4K 230811 Blackpink ‘Tally’ Born Pink Encore MetLife1 NJ NY 블랙핑크,https://youtube.com/watch?v=bxjhDbeIOyY&pp=ygUv67iU656Z7ZWR7YGsIGFmdGVyOjIwMjMtMDYtMTQgYmVmb3JlOjIwMjMtMDgtMTQ%3D,4.3천회,1일 전
495,"로제,지수,제니,리사                     블랙핑크🖤🩷",https://youtube.com/shorts/4uLTH0rgN4I,126회,1일 전
496,blackpink performing in pouring rain 🌧️ #블랙핑크 #blackpink #kpop #shorts,https://youtube.com/shorts/1LRWxE0UtmU,794회,6시간 전
497,[4K] 230812 Blackpink 블랙핑크 Tally - Born Pink Encore - New Jersey Metlife Stadium Fancam 직캠,https://youtube.com/watch?v=q4aUUSO4ODc&pp=ygUv67iU656Z7ZWR7YGsIGFmdGVyOjIwMjMtMDYtMTQgYmVmb3JlOjIwMjMtMDgtMTQ%3D,155회,1일 전
498,귀여운 블랙핑크 인형소개,https://youtube.com/shorts/J_T_LIGs0Ew,1.9천회,1일 전
499,"YG 댄서들 퍼포먼스, 호주 멜번 블랙핑크 콘서트 #ygx 댄스 브레이크 10062023",https://youtube.com/watch?v=OcxwnCF0fFg&pp=ygUv67iU656Z7ZWR7YGsIGFmdGVyOjIwMjMtMDYtMTQgYmVmb3JlOjIwMjMtMDgtMTQ%3D,2.2천회,1개월 전
500,[아빠랑 해외여행] #11 블랙핑크 리사 🖤🩷 가족여행지 🇹🇭 아유타야 선셋투어 ✨ | 방콕의 밤,https://youtube.com/watch?v=SlDo2CxVEjY&pp=ygUv67iU656Z7ZWR7YGsIGFmdGVyOjIwMjMtMDYtMTQgYmVmb3JlOjIwMjMtMDgtMTQ%3D,544회,1개월 전
501,Blackpink playlist 2023 블랙핑크 플레이리스트,https://youtube.com/watch?v=9l2eIgY_Vco&pp=ygUv67iU656Z7ZWR7YGsIGFmdGVyOjIwMjMtMDYtMTQgYmVmb3JlOjIwMjMtMDgtMTQ%3D,494회,1개월 전
502,"they’re only getting older, baby 🥲 #블랙핑크 #blackpink #kpop #shorts",https://youtube.com/shorts/JT1N61lneeA,7.9천회,3일 전
503,블랙핑크 파리 앙코르 콘서트 BORN PINK ENOCRE @ Stade de France !blink plus experience,https://youtube.com/watch?v=zjl2CUfwVls&pp=ygUv67iU656Z7ZWR7YGsIGFmdGVyOjIwMjMtMDYtMTQgYmVmb3JlOjIwMjMtMDgtMTQ%3D,4.2천회,3주 전
504,4K 230811 Blackpink ‘Gone’ Rosé solo Born Pink Encore MetLife1 블랙핑크 로제,https://youtube.com/watch?v=GoR-JABeCYY&pp=ygUv67iU656Z7ZWR7YGsIGFmdGVyOjIwMjMtMDYtMTQgYmVmb3JlOjIwMjMtMDgtMTQ%3D,960회,2일 전
505,Jisoo Flower Blackpink Born Pink Encore1 @ MetLife 블랙핑크 지수 꽃,https://youtube.com/shorts/L4EcaL0JpQM,778회,1일 전
506,[블랙핑크] 제니 인사받고 폴짝뛰는 귀여운 직원분들 #shorts,https://youtube.com/shorts/97EAchaTcUA,413회,2일 전
507,[K-POP IN PUBLIC | ONE TAKE] BLACKPINK (블랙핑크) - AS IF IT'S YOUR LAST (마지막처럼) Dance Cover HEYDAY 4K,https://youtube.com/watch?v=nyCIaqmwOYU&pp=ygUv67iU656Z7ZWR7YGsIGFmdGVyOjIwMjMtMDYtMTQgYmVmb3JlOjIwMjMtMDgtMTQ%3D,642회,3일 전
508,"블랙핑크 지수, 메트라이프 스타디움서 'ALL EYES ON ME' 무대 멋진 안무 선보여",https://youtube.com/watch?v=N3GSyLNQJk4&pp=ygUv67iU656Z7ZWR7YGsIGFmdGVyOjIwMjMtMDYtMTQgYmVmb3JlOjIwMjMtMDgtMTQ%3D,1.7천회,1일 전
509,블랙핑크 지수 공항룩 패션 디올 비비안웨스트우드 던스트,https://youtube.com/shorts/YqqDmlvtZEk,489회,1일 전
510,🎧댄스샘과 아이들#블랙핑크#코레오#초등댄스#케이팝,https://youtube.com/shorts/zBcGeHDLzTg,335회,2일 전
511,"블랙핑크 제니, 팬들마저 돌아서게 만드는 미드석 충격적 안무 #디아이돌 #제니 #블랙핑크",https://youtube.com/shorts/3fvMQhBWYoU,3.8만회,1개월 전
512,열애설 터질 때마다 출렁…'블랙핑크' 멤버별 주가 흐름 보니,https://youtube.com/watch?v=SC19kztRYyo&pp=ygUv67iU656Z7ZWR7YGsIGFmdGVyOjIwMjMtMDYtMTQgYmVmb3JlOjIwMjMtMDgtMTQ%3D,847회,2일 전
513,[한글자막] 태국말 귀엽고 한국말 더 귀여운 블랙핑크 7주년 기념 리사의 단독 라이브 태국어 번역 한글자막,https://youtube.com/watch?v=3b-xmgnT9dU&pp=ygUv67iU656Z7ZWR7YGsIGFmdGVyOjIwMjMtMDYtMTQgYmVmb3JlOjIwMjMtMDgtMTQ%3D,2.6천회,1일 전
514,blackpink singing happy 7th birthday 🥳 #블랙핑크 #blackpink #kpop #shorts,https://youtube.com/shorts/pg70tWVxfPA,1.1천회,1일 전
515,Pink Venom Lyrics - (블랙핑크 Pink Venom 가사) - BLACKPINK [Korean Lyrics /Han/가사],https://youtube.com/watch?v=KZ9uDY81Qqk&pp=ygUv67iU656Z7ZWR7YGsIGFmdGVyOjIwMjMtMDYtMTQgYmVmb3JlOjIwMjMtMDgtMTQ%3D,440회,5일 전
516,화질 엄청 이상해요.. #직편 #블랙핑크 #제니 #리사 #로제 #지수,https://youtube.com/shorts/WnynXdbBY80,302회,9시간 전
517,230617 BLACKPINK JISOO 블랙핑크 지수 - 꽃 Flower @Sydney - BLACKPINK WORLD TOUR BORN PINK fancam 시드니 직캠 4k,https://youtube.com/watch?v=Kb5uSKMzK0M&pp=ygUv67iU656Z7ZWR7YGsIGFmdGVyOjIwMjMtMDYtMTQgYmVmb3JlOjIwMjMtMDgtMTQ%3D,35만회,1개월 전
518,12 #블랙핑크#제니#빌보드인터뷰#영어듣기말하기집중연습 #shorts,https://youtube.com/shorts/6poxKMviv1A,1.5천회,9시간 전
519,#지수 #존예 #꽃 #블랙핑크 #blackpink #커버곡 #노래방커버 #다음곡은,https://youtube.com/shorts/CGiks1Hqqio,1.6천회,22시간 전
520,Pink Food VS Black Food Challenge 블랙 핑크 음식 챌린지 by HUBABI,https://youtube.com/watch?v=ySR8ZFLq1Yw&pp=ygUv67iU656Z7ZWR7YGsIGFmdGVyOjIwMjMtMDYtMTQgYmVmb3JlOjIwMjMtMDgtMTQ%3D,4.7천회,4일 전
521,"Blackpink world Tour,Opening Song,New Jersey,   블랙핑크 월드 ㅌㅏㅇㅗㄹ,뉴저지,오프닝송,2023",https://youtube.com/watch?v=La3CjcCwvbU&pp=ygUv67iU656Z7ZWR7YGsIGFmdGVyOjIwMjMtMDYtMTQgYmVmb3JlOjIwMjMtMDgtMTQ%3D,593회,1일 전
522,"""루이비통 3세 가족과 여행"" 2차 열애설 휩싸인 블랙핑크 리사 #shorts",https://youtube.com/shorts/KRO_NAVEbqA,2.3천회,9시간 전
523,뒤 도는 순간 숨 멎이야 제니...,https://youtube.com/shorts/TrvfH3gH8Mg,339만회,1개월 전
524,Blackpink ‘Typa Girl’ Lyrics (블랙핑크 Typa Girl 가사) (Color Coded Lyrics),https://youtube.com/watch?v=6swNKI6ci_U&pp=ygUv67iU656Z7ZWR7YGsIGFmdGVyOjIwMjMtMDYtMTQgYmVmb3JlOjIwMjMtMDgtMTQ%3D,5.1만회,2주 전
525,밥풀 묻히고 출국한 블랙핑크 제니ㅋㅋ,https://youtube.com/shorts/9txf_8oYViQ,5.2천회,2일 전
526,🖤블랙핑크 7주년🩷블링크 모여라 Blackpink 7th🎉 #디제이 #dj #kpop #blackpink #케이팝 #shorts #블랙핑크 #koreadj #mixset,https://youtube.com/shorts/0sqSdq1Pcbs,940회,11시간 전
527,"""블랙핑크가 베트남을 살렸습니다""...베트남정부 공연반대자 입을 막어버린 이유...""346억원 수익, 하노이에 238만명 미쳤다. """,https://youtube.com/watch?v=UW5ilTnJZN4&pp=ygUv67iU656Z7ZWR7YGsIGFmdGVyOjIwMjMtMDYtMTQgYmVmb3JlOjIwMjMtMDgtMTQ%3D,10만회,7일 전
528,#지수꽃 향기만 남아~🌸 #JISOO_FLOWER #ME #JISOO #지수 #BLACKPINK #블랙핑크 #FLOWERchallenge #shorts,https://youtube.com/shorts/rAdO-gpBB1I,1.6천회,1일 전
529,44개국 시청률 1위 먹어버린 블랙핑크 제니 [디 아이돌] 화제+논란 미드 도대체 어떤 이야기일까? 총정리,https://youtube.com/watch?v=m9bONn_JjQc&pp=ygUv67iU656Z7ZWR7YGsIGFmdGVyOjIwMjMtMDYtMTQgYmVmb3JlOjIwMjMtMDgtMTQ%3D,21만회,1개월 전
530,제니 니플패치??,https://youtube.com/shorts/hpXAiObfrcw,61만회,1개월 전
531,[4K] 230812 Blackpink 블랙핑크 Pink Venom - Born Pink Encore - New Jersey Metlife Stadium Fancam 직캠,https://youtube.com/watch?v=pZQR0FNIBEM&pp=ygUv67iU656Z7ZWR7YGsIGFmdGVyOjIwMjMtMDYtMTQgYmVmb3JlOjIwMjMtMDgtMTQ%3D,753회,1일 전
532,[4K] 230812 Blackpink 블랙핑크 Rosé: Gone / On the Ground - Born Pink Encore - New Jersey Fancam 직캠,https://youtube.com/watch?v=j1a8jtuPQXg&pp=ygUv67iU656Z7ZWR7YGsIGFmdGVyOjIwMjMtMDYtMTQgYmVmb3JlOjIwMjMtMDgtMTQ%3D,287회,1일 전
533,[4K] 230812 Blackpink 블랙핑크 Kick It - Born Pink Encore - New Jersey Metlife Stadium Fancam 직캠,https://youtube.com/watch?v=hTg7AdMHxiQ&pp=ygUv67iU656Z7ZWR7YGsIGFmdGVyOjIwMjMtMDYtMTQgYmVmb3JlOjIwMjMtMDgtMTQ%3D,199회,1일 전
534,SH - Sợi Dây Thừng Khổng Lồ || Noob Pro vs Hacker Rope #shorts,https://youtube.com/shorts/OtD-N8MHEEE,195만회,2주 전
